State,Year,Month,Murders.with.Firearm,Murders
Aguascalientes,1998,Enero,1,2
,,Febrero,1,2
,,Marzo,0,5
,,Abril,0,6
,,Mayo,1,8
,,Junio,0,1
,,Julio,0,4
,,Agosto,1,3
,,Septiembre,0,4
,,Octubre,0,1
,,Noviembre,2,4
,,Diciembre,0,6
,,No Especificado,0,0
,1999,Enero,1,3
,,Febrero,0,1
,,Marzo,1,2
,,Abril,1,1
,,Mayo,0,2
,,Junio,0,0
,,Julio,0,1
,,Agosto,4,4
,,Septiembre,2,4
,,Octubre,1,1
,,Noviembre,1,3
,,Diciembre,1,1
,,No Especificado,0,0
,2000,Enero,0,0
,,Febrero,0,0
,,Marzo,0,1
,,Abril,0,2
,,Mayo,0,1
,,Junio,0,2
,,Julio,0,1
,,Agosto,1,3
,,Septiembre,2,2
,,Octubre,0,2
,,Noviembre,0,1
,,Diciembre,1,1
,,No Especificado,0,0
,2001,Enero,3,3
,,Febrero,1,2
,,Marzo,0,0
,,Abril,0,3
,,Mayo,1,3
,,Junio,0,3
,,Julio,0,1
,,Agosto,1,1
,,Septiembre,1,3
,,Octubre,0,0
,,Noviembre,0,2
,,Diciembre,1,2
,,No Especificado,0,0
,2002,Enero,1,2
,,Febrero,2,2
,,Marzo,0,0
,,Abril,1,3
,,Mayo,1,3
,,Junio,2,2
,,Julio,1,4
,,Agosto,0,2
,,Septiembre,0,1
,,Octubre,0,2
,,Noviembre,0,4
,,Diciembre,1,3
,,No Especificado,0,0
,2003,Enero,0,1
,,Febrero,0,1
,,Marzo,1,1
,,Abril,0,3
,,Mayo,1,4
,,Junio,4,5
,,Julio,1,1
,,Agosto,0,2
,,Septiembre,0,0
,,Octubre,0,2
,,Noviembre,0,1
,,Diciembre,0,3
,,No Especificado,0,0
,2004,Enero,1,1
,,Febrero,0,0
,,Marzo,0,0
,,Abril,1,2
,,Mayo,1,3
,,Junio,1,2
,,Julio,0,2
,,Agosto,1,2
,,Septiembre,1,2
,,Octubre,1,4
,,Noviembre,0,3
,,Diciembre,0,1
,,No Especificado,0,0
,2005,Enero,1,2
,,Febrero,0,0
,,Marzo,2,6
,,Abril,0,0
,,Mayo,0,3
,,Junio,1,4
,,Julio,0,0
,,Agosto,1,2
,,Septiembre,0,2
,,Octubre,0,1
,,Noviembre,1,3
,,Diciembre,1,2
,,No Especificado,0,0
,2006,Enero,0,1
,,Febrero,0,3
,,Marzo,0,1
,,Abril,1,1
,,Mayo,3,5
,,Junio,0,2
,,Julio,4,4
,,Agosto,0,3
,,Septiembre,1,3
,,Octubre,0,0
,,Noviembre,0,3
,,Diciembre,1,1
,,No Especificado,0,0
,2007,Enero,0,2
,,Febrero,1,1
,,Marzo,0,1
,,Abril,1,1
,,Mayo,3,4
,,Junio,2,4
,,Julio,2,6
,,Agosto,10,12
,,Septiembre,1,2
,,Octubre,1,5
,,Noviembre,1,3
,,Diciembre,1,2
,,No Especificado,0,0
,2008,Enero,3,4
,,Febrero,1,2
,,Marzo,2,3
,,Abril,1,2
,,Mayo,3,6
,,Junio,3,4
,,Julio,6,9
,,Agosto,8,11
,,Septiembre,5,6
,,Octubre,2,4
,,Noviembre,2,2
,,Diciembre,2,5
,,No Especificado,0,0
Aguascalientes Total,,,131,335
Baja California,1998,Enero,23,34
,,Febrero,21,36
,,Marzo,27,41
,,Abril,33,40
,,Mayo,27,39
,,Junio,40,61
,,Julio,34,48
,,Agosto,41,66
,,Septiembre,53,68
,,Octubre,34,46
,,Noviembre,43,58
,,Diciembre,32,39
,,No Especificado,0,0
,1999,Enero,42,53
,,Febrero,32,49
,,Marzo,44,51
,,Abril,34,51
,,Mayo,42,55
,,Junio,31,44
,,Julio,42,65
,,Agosto,51,64
,,Septiembre,34,50
,,Octubre,47,63
,,Noviembre,36,47
,,Diciembre,38,47
,,No Especificado,0,0
,2000,Enero,40,59
,,Febrero,21,38
,,Marzo,23,32
,,Abril,18,22
,,Mayo,29,41
,,Junio,17,31
,,Julio,25,35
,,Agosto,25,39
,,Septiembre,18,26
,,Octubre,21,36
,,Noviembre,21,33
,,Diciembre,23,36
,,No Especificado,0,0
,2001,Enero,11,15
,,Febrero,16,25
,,Marzo,30,41
,,Abril,21,36
,,Mayo,22,45
,,Junio,25,40
,,Julio,24,31
,,Agosto,19,31
,,Septiembre,31,49
,,Octubre,9,25
,,Noviembre,27,41
,,Diciembre,13,26
,,No Especificado,0,0
,2002,Enero,23,42
,,Febrero,25,38
,,Marzo,25,36
,,Abril,24,34
,,Mayo,23,32
,,Junio,23,38
,,Julio,35,51
,,Agosto,16,25
,,Septiembre,17,23
,,Octubre,29,40
,,Noviembre,21,33
,,Diciembre,21,42
,,No Especificado,0,0
,2003,Enero,22,29
,,Febrero,22,34
,,Marzo,22,34
,,Abril,14,32
,,Mayo,23,45
,,Junio,21,32
,,Julio,30,53
,,Agosto,20,38
,,Septiembre,29,38
,,Octubre,30,48
,,Noviembre,21,35
,,Diciembre,17,30
,,No Especificado,0,1
,2004,Enero,22,26
,,Febrero,30,45
,,Marzo,20,38
,,Abril,20,26
,,Mayo,30,44
,,Junio,31,50
,,Julio,25,36
,,Agosto,19,34
,,Septiembre,33,45
,,Octubre,36,50
,,Noviembre,20,42
,,Diciembre,21,33
,,No Especificado,1,1
,2005,Enero,8,23
,,Febrero,19,25
,,Marzo,29,36
,,Abril,37,60
,,Mayo,27,38
,,Junio,18,26
,,Julio,21,37
,,Agosto,37,49
,,Septiembre,24,40
,,Octubre,24,49
,,Noviembre,16,32
,,Diciembre,14,23
,,No Especificado,2,4
,2006,Enero,26,33
,,Febrero,19,29
,,Marzo,26,33
,,Abril,21,33
,,Mayo,29,39
,,Junio,18,44
,,Julio,24,42
,,Agosto,32,51
,,Septiembre,35,60
,,Octubre,21,32
,,Noviembre,27,31
,,Diciembre,22,33
,,No Especificado,1,2
,2007,Enero,23,27
,,Febrero,25,35
,,Marzo,32,46
,,Abril,24,43
,,Mayo,31,46
,,Junio,31,45
,,Julio,12,16
,,Agosto,18,30
,,Septiembre,19,27
,,Octubre,8,18
,,Noviembre,13,18
,,Diciembre,10,16
,,No Especificado,0,1
,2008,Enero,43,62
,,Febrero,32,49
,,Marzo,47,61
,,Abril,55,77
,,Mayo,22,31
,,Junio,56,74
,,Julio,29,46
,,Agosto,18,40
,,Septiembre,58,78
,,Octubre,146,187
,,Noviembre,202,233
,,Diciembre,75,89
,,No Especificado,0,0
Baja California Total,,,3877,5700
Baja California Sur,1998,Enero,0,1
,,Febrero,0,2
,,Marzo,2,2
,,Abril,0,0
,,Mayo,0,2
,,Junio,0,2
,,Julio,2,3
,,Agosto,0,1
,,Septiembre,0,0
,,Octubre,1,2
,,Noviembre,0,2
,,Diciembre,0,1
,,No Especificado,0,0
,1999,Enero,1,2
,,Febrero,0,1
,,Marzo,1,3
,,Abril,2,5
,,Mayo,4,6
,,Junio,1,2
,,Julio,1,4
,,Agosto,1,2
,,Septiembre,0,2
,,Octubre,1,1
,,Noviembre,0,2
,,Diciembre,0,3
,,No Especificado,0,0
,2000,Enero,1,1
,,Febrero,1,1
,,Marzo,0,0
,,Abril,0,1
,,Mayo,0,1
,,Junio,0,4
,,Julio,1,1
,,Agosto,0,5
,,Septiembre,2,5
,,Octubre,2,4
,,Noviembre,3,3
,,Diciembre,1,2
,,No Especificado,0,0
,2001,Enero,0,0
,,Febrero,0,1
,,Marzo,0,1
,,Abril,0,2
,,Mayo,1,2
,,Junio,1,6
,,Julio,0,2
,,Agosto,2,3
,,Septiembre,2,3
,,Octubre,0,0
,,Noviembre,1,1
,,Diciembre,0,1
,,No Especificado,0,1
,2002,Enero,2,6
,,Febrero,1,1
,,Marzo,1,1
,,Abril,3,5
,,Mayo,1,1
,,Junio,1,3
,,Julio,0,1
,,Agosto,2,4
,,Septiembre,2,2
,,Octubre,1,3
,,Noviembre,0,0
,,Diciembre,1,4
,,No Especificado,0,1
,2003,Enero,0,0
,,Febrero,1,2
,,Marzo,1,2
,,Abril,0,1
,,Mayo,1,2
,,Junio,2,2
,,Julio,1,2
,,Agosto,1,4
,,Septiembre,1,3
,,Octubre,0,2
,,Noviembre,0,1
,,Diciembre,1,3
,,No Especificado,0,1
,2004,Enero,1,2
,,Febrero,2,2
,,Marzo,2,2
,,Abril,1,2
,,Mayo,0,2
,,Junio,1,2
,,Julio,2,3
,,Agosto,2,5
,,Septiembre,2,4
,,Octubre,2,2
,,Noviembre,1,2
,,Diciembre,1,4
,,No Especificado,0,0
,2005,Enero,3,3
,,Febrero,2,2
,,Marzo,2,3
,,Abril,0,1
,,Mayo,2,4
,,Junio,3,5
,,Julio,3,5
,,Agosto,1,1
,,Septiembre,0,1
,,Octubre,0,1
,,Noviembre,1,2
,,Diciembre,1,4
,,No Especificado,0,0
,2006,Enero,0,2
,,Febrero,2,3
,,Marzo,4,4
,,Abril,0,0
,,Mayo,0,0
,,Junio,2,3
,,Julio,2,3
,,Agosto,1,3
,,Septiembre,1,1
,,Octubre,1,2
,,Noviembre,0,3
,,Diciembre,0,1
,,No Especificado,0,1
,2007,Enero,1,3
,,Febrero,1,2
,,Marzo,1,4
,,Abril,0,3
,,Mayo,0,0
,,Junio,0,1
,,Julio,3,5
,,Agosto,1,2
,,Septiembre,2,2
,,Octubre,1,1
,,Noviembre,1,3
,,Diciembre,1,5
,,No Especificado,0,0
,2008,Enero,1,4
,,Febrero,1,3
,,Marzo,2,4
,,Abril,2,7
,,Mayo,1,3
,,Junio,0,2
,,Julio,0,1
,,Agosto,0,5
,,Septiembre,1,1
,,Octubre,0,3
,,Noviembre,0,3
,,Diciembre,0,2
,,No Especificado,0,0
Baja California Sur Total,,,127,318
Campeche,1998,Enero,2,4
,,Febrero,4,6
,,Marzo,5,12
,,Abril,3,5
,,Mayo,3,7
,,Junio,4,8
,,Julio,4,10
,,Agosto,5,9
,,Septiembre,7,11
,,Octubre,4,8
,,Noviembre,1,3
,,Diciembre,3,5
,,No Especificado,0,0
,1999,Enero,0,1
,,Febrero,2,5
,,Marzo,0,6
,,Abril,2,9
,,Mayo,3,9
,,Junio,2,4
,,Julio,2,10
,,Agosto,3,7
,,Septiembre,2,9
,,Octubre,1,4
,,Noviembre,1,4
,,Diciembre,6,10
,,No Especificado,0,0
,2000,Enero,3,9
,,Febrero,1,3
,,Marzo,0,2
,,Abril,0,4
,,Mayo,0,8
,,Junio,2,7
,,Julio,2,8
,,Agosto,2,5
,,Septiembre,1,5
,,Octubre,0,3
,,Noviembre,0,5
,,Diciembre,2,4
,,No Especificado,0,1
,2001,Enero,0,4
,,Febrero,2,5
,,Marzo,0,9
,,Abril,0,0
,,Mayo,0,4
,,Junio,0,3
,,Julio,0,2
,,Agosto,1,1
,,Septiembre,0,2
,,Octubre,0,7
,,Noviembre,4,8
,,Diciembre,4,9
,,No Especificado,0,0
,2002,Enero,4,7
,,Febrero,2,5
,,Marzo,1,1
,,Abril,0,5
,,Mayo,2,8
,,Junio,1,3
,,Julio,1,6
,,Agosto,3,6
,,Septiembre,0,2
,,Octubre,1,7
,,Noviembre,1,2
,,Diciembre,0,2
,,No Especificado,0,0
,2003,Enero,0,2
,,Febrero,5,6
,,Marzo,1,3
,,Abril,0,4
,,Mayo,3,5
,,Junio,1,4
,,Julio,0,0
,,Agosto,0,3
,,Septiembre,1,3
,,Octubre,2,5
,,Noviembre,0,5
,,Diciembre,0,3
,,No Especificado,0,0
,2004,Enero,0,1
,,Febrero,1,2
,,Marzo,2,3
,,Abril,2,4
,,Mayo,2,4
,,Junio,1,3
,,Julio,3,7
,,Agosto,1,1
,,Septiembre,3,6
,,Octubre,0,1
,,Noviembre,0,1
,,Diciembre,3,4
,,No Especificado,0,0
,2005,Enero,1,2
,,Febrero,3,4
,,Marzo,0,2
,,Abril,2,7
,,Mayo,0,2
,,Junio,1,4
,,Julio,1,5
,,Agosto,0,4
,,Septiembre,1,7
,,Octubre,2,4
,,Noviembre,2,6
,,Diciembre,0,3
,,No Especificado,0,0
,2006,Enero,2,6
,,Febrero,2,3
,,Marzo,0,2
,,Abril,0,0
,,Mayo,2,4
,,Junio,0,3
,,Julio,2,2
,,Agosto,0,2
,,Septiembre,0,3
,,Octubre,0,4
,,Noviembre,1,2
,,Diciembre,0,1
,,No Especificado,0,0
,2007,Enero,5,9
,,Febrero,5,8
,,Marzo,1,6
,,Abril,2,5
,,Mayo,1,4
,,Junio,4,6
,,Julio,1,1
,,Agosto,0,3
,,Septiembre,0,0
,,Octubre,1,3
,,Noviembre,1,2
,,Diciembre,1,4
,,No Especificado,0,0
,2008,Enero,1,3
,,Febrero,0,2
,,Marzo,1,4
,,Abril,1,2
,,Mayo,0,1
,,Junio,1,4
,,Julio,5,12
,,Agosto,0,4
,,Septiembre,1,4
,,Octubre,2,5
,,Noviembre,1,4
,,Diciembre,4,5
,,No Especificado,0,0
Campeche Total,,,201,601
Coahuila de Zaragoza,1998,Enero,3,9
,,Febrero,5,9
,,Marzo,11,15
,,Abril,5,9
,,Mayo,5,13
,,Junio,7,12
,,Julio,14,21
,,Agosto,8,13
,,Septiembre,7,9
,,Octubre,13,16
,,Noviembre,4,9
,,Diciembre,2,8
,,No Especificado,0,0
,1999,Enero,9,16
,,Febrero,6,9
,,Marzo,6,10
,,Abril,1,7
,,Mayo,3,12
,,Junio,8,11
,,Julio,3,16
,,Agosto,5,15
,,Septiembre,8,12
,,Octubre,5,11
,,Noviembre,6,11
,,Diciembre,8,12
,,No Especificado,0,1
,2000,Enero,9,14
,,Febrero,5,11
,,Marzo,4,8
,,Abril,7,13
,,Mayo,7,8
,,Junio,3,5
,,Julio,5,15
,,Agosto,5,8
,,Septiembre,7,14
,,Octubre,3,9
,,Noviembre,4,12
,,Diciembre,1,5
,,No Especificado,0,2
,2001,Enero,4,11
,,Febrero,4,6
,,Marzo,4,9
,,Abril,11,15
,,Mayo,6,11
,,Junio,3,13
,,Julio,8,19
,,Agosto,7,18
,,Septiembre,4,18
,,Octubre,3,8
,,Noviembre,13,15
,,Diciembre,6,12
,,No Especificado,0,0
,2002,Enero,5,8
,,Febrero,3,10
,,Marzo,3,14
,,Abril,8,13
,,Mayo,9,10
,,Junio,7,14
,,Julio,2,7
,,Agosto,12,21
,,Septiembre,2,10
,,Octubre,6,10
,,Noviembre,8,12
,,Diciembre,5,10
,,No Especificado,0,0
,2003,Enero,1,7
,,Febrero,3,6
,,Marzo,4,9
,,Abril,3,8
,,Mayo,4,7
,,Junio,9,13
,,Julio,4,12
,,Agosto,4,8
,,Septiembre,1,7
,,Octubre,6,13
,,Noviembre,4,13
,,Diciembre,9,14
,,No Especificado,0,0
,2004,Enero,7,11
,,Febrero,4,11
,,Marzo,8,15
,,Abril,1,4
,,Mayo,2,8
,,Junio,1,5
,,Julio,1,5
,,Agosto,3,13
,,Septiembre,6,13
,,Octubre,4,16
,,Noviembre,4,9
,,Diciembre,4,6
,,No Especificado,1,1
,2005,Enero,6,10
,,Febrero,2,9
,,Marzo,3,4
,,Abril,3,12
,,Mayo,6,12
,,Junio,3,14
,,Julio,5,13
,,Agosto,7,15
,,Septiembre,4,13
,,Octubre,9,18
,,Noviembre,8,13
,,Diciembre,4,13
,,No Especificado,0,0
,2006,Enero,2,9
,,Febrero,3,8
,,Marzo,3,7
,,Abril,2,8
,,Mayo,3,7
,,Junio,3,10
,,Julio,3,10
,,Agosto,4,5
,,Septiembre,6,12
,,Octubre,9,12
,,Noviembre,0,5
,,Diciembre,4,6
,,No Especificado,0,0
,2007,Enero,0,1
,,Febrero,0,1
,,Marzo,1,5
,,Abril,8,11
,,Mayo,2,8
,,Junio,3,10
,,Julio,4,9
,,Agosto,8,11
,,Septiembre,4,10
,,Octubre,2,9
,,Noviembre,6,11
,,Diciembre,12,23
,,No Especificado,0,0
,2008,Enero,12,14
,,Febrero,14,20
,,Marzo,7,19
,,Abril,4,8
,,Mayo,7,14
,,Junio,9,15
,,Julio,9,13
,,Agosto,7,13
,,Septiembre,10,16
,,Octubre,4,11
,,Noviembre,6,14
,,Diciembre,6,14
,,No Especificado,0,0
Coahuila de Zaragoza Total,,,700,1463
Colima,1998,Enero,2,6
,,Febrero,4,6
,,Marzo,2,6
,,Abril,2,5
,,Mayo,1,1
,,Junio,3,4
,,Julio,2,7
,,Agosto,1,4
,,Septiembre,2,4
,,Octubre,3,5
,,Noviembre,1,4
,,Diciembre,4,8
,,No Especificado,0,1
,1999,Enero,3,7
,,Febrero,3,5
,,Marzo,4,8
,,Abril,2,8
,,Mayo,2,5
,,Junio,4,6
,,Julio,2,5
,,Agosto,2,4
,,Septiembre,0,0
,,Octubre,1,4
,,Noviembre,4,7
,,Diciembre,3,3
,,No Especificado,0,0
,2000,Enero,2,5
,,Febrero,1,3
,,Marzo,2,5
,,Abril,2,3
,,Mayo,1,1
,,Junio,0,5
,,Julio,4,8
,,Agosto,3,7
,,Septiembre,2,4
,,Octubre,3,5
,,Noviembre,3,5
,,Diciembre,0,5
,,No Especificado,0,0
,2001,Enero,4,7
,,Febrero,3,6
,,Marzo,3,6
,,Abril,2,7
,,Mayo,2,6
,,Junio,0,2
,,Julio,2,5
,,Agosto,2,7
,,Septiembre,0,1
,,Octubre,3,4
,,Noviembre,2,2
,,Diciembre,2,4
,,No Especificado,0,0
,2002,Enero,2,3
,,Febrero,3,3
,,Marzo,1,3
,,Abril,2,2
,,Mayo,2,2
,,Junio,1,2
,,Julio,6,12
,,Agosto,3,6
,,Septiembre,1,1
,,Octubre,4,4
,,Noviembre,0,2
,,Diciembre,2,2
,,No Especificado,0,0
,2003,Enero,1,4
,,Febrero,0,2
,,Marzo,3,3
,,Abril,0,4
,,Mayo,3,4
,,Junio,1,3
,,Julio,0,2
,,Agosto,2,5
,,Septiembre,1,4
,,Octubre,3,6
,,Noviembre,1,4
,,Diciembre,1,2
,,No Especificado,0,0
,2004,Enero,1,8
,,Febrero,0,4
,,Marzo,0,2
,,Abril,1,2
,,Mayo,3,8
,,Junio,4,5
,,Julio,0,2
,,Agosto,1,2
,,Septiembre,3,3
,,Octubre,4,9
,,Noviembre,4,4
,,Diciembre,2,4
,,No Especificado,0,0
,2005,Enero,1,3
,,Febrero,3,7
,,Marzo,0,3
,,Abril,1,5
,,Mayo,0,0
,,Junio,5,7
,,Julio,4,6
,,Agosto,0,3
,,Septiembre,1,4
,,Octubre,1,1
,,Noviembre,2,6
,,Diciembre,1,3
,,No Especificado,0,0
,2006,Enero,3,4
,,Febrero,0,2
,,Marzo,2,4
,,Abril,2,2
,,Mayo,1,3
,,Junio,1,3
,,Julio,3,4
,,Agosto,0,3
,,Septiembre,1,5
,,Octubre,0,0
,,Noviembre,4,5
,,Diciembre,5,8
,,No Especificado,0,0
,2007,Enero,1,2
,,Febrero,1,1
,,Marzo,3,4
,,Abril,1,1
,,Mayo,0,4
,,Junio,1,5
,,Julio,2,8
,,Agosto,3,4
,,Septiembre,0,3
,,Octubre,2,4
,,Noviembre,2,4
,,Diciembre,2,4
,,No Especificado,0,0
,2008,Enero,4,6
,,Febrero,5,7
,,Marzo,2,3
,,Abril,1,1
,,Mayo,0,2
,,Junio,0,4
,,Julio,3,6
,,Agosto,5,8
,,Septiembre,4,8
,,Octubre,3,4
,,Noviembre,1,5
,,Diciembre,0,1
,,No Especificado,0,0
Colima Total,,,258,564
Chiapas,1998,Enero,25,57
,,Febrero,22,58
,,Marzo,25,68
,,Abril,32,78
,,Mayo,22,78
,,Junio,22,62
,,Julio,27,62
,,Agosto,17,62
,,Septiembre,13,87
,,Octubre,16,69
,,Noviembre,14,59
,,Diciembre,22,75
,,No Especificado,0,1
,1999,Enero,12,50
,,Febrero,11,45
,,Marzo,17,54
,,Abril,9,52
,,Mayo,11,56
,,Junio,5,32
,,Julio,16,44
,,Agosto,11,44
,,Septiembre,19,60
,,Octubre,14,48
,,Noviembre,14,53
,,Diciembre,16,56
,,No Especificado,0,0
,2000,Enero,24,62
,,Febrero,15,55
,,Marzo,5,27
,,Abril,4,43
,,Mayo,5,16
,,Junio,14,58
,,Julio,12,35
,,Agosto,11,26
,,Septiembre,11,25
,,Octubre,19,33
,,Noviembre,4,16
,,Diciembre,9,20
,,No Especificado,1,6
,2001,Enero,11,36
,,Febrero,0,6
,,Marzo,3,16
,,Abril,2,7
,,Mayo,5,15
,,Junio,6,13
,,Julio,7,21
,,Agosto,2,5
,,Septiembre,1,6
,,Octubre,3,16
,,Noviembre,5,12
,,Diciembre,7,20
,,No Especificado,2,2
,2002,Enero,12,51
,,Febrero,17,35
,,Marzo,6,33
,,Abril,9,36
,,Mayo,5,20
,,Junio,9,38
,,Julio,7,44
,,Agosto,8,35
,,Septiembre,7,48
,,Octubre,4,33
,,Noviembre,9,37
,,Diciembre,8,47
,,No Especificado,2,6
,2003,Enero,7,50
,,Febrero,0,16
,,Marzo,5,25
,,Abril,8,49
,,Mayo,9,34
,,Junio,11,47
,,Julio,5,35
,,Agosto,11,30
,,Septiembre,14,38
,,Octubre,9,32
,,Noviembre,12,37
,,Diciembre,19,47
,,No Especificado,1,3
,2004,Enero,4,19
,,Febrero,5,27
,,Marzo,2,10
,,Abril,5,21
,,Mayo,11,22
,,Junio,0,6
,,Julio,6,9
,,Agosto,4,9
,,Septiembre,14,24
,,Octubre,5,18
,,Noviembre,6,23
,,Diciembre,7,33
,,No Especificado,3,7
,2005,Enero,10,30
,,Febrero,3,23
,,Marzo,5,21
,,Abril,7,13
,,Mayo,10,14
,,Junio,23,31
,,Julio,16,34
,,Agosto,18,34
,,Septiembre,15,25
,,Octubre,10,23
,,Noviembre,14,25
,,Diciembre,13,25
,,No Especificado,0,1
,2006,Enero,5,10
,,Febrero,25,40
,,Marzo,29,52
,,Abril,10,28
,,Mayo,11,45
,,Junio,13,43
,,Julio,18,54
,,Agosto,12,57
,,Septiembre,3,57
,,Octubre,16,54
,,Noviembre,21,62
,,Diciembre,7,30
,,No Especificado,0,0
,2007,Enero,0,1
,,Febrero,0,0
,,Marzo,0,1
,,Abril,2,5
,,Mayo,0,2
,,Junio,2,29
,,Julio,4,7
,,Agosto,7,10
,,Septiembre,2,6
,,Octubre,2,8
,,Noviembre,9,31
,,Diciembre,2,4
,,No Especificado,1,1
,2008,Enero,10,32
,,Febrero,1,1
,,Marzo,3,16
,,Abril,13,27
,,Mayo,2,9
,,Junio,9,41
,,Julio,3,25
,,Agosto,1,19
,,Septiembre,0,22
,,Octubre,3,11
,,Noviembre,5,19
,,Diciembre,9,34
,,No Especificado,0,2
Chiapas Total,,,1290,4335
Chihuahua,1998,Enero,23,38
,,Febrero,21,33
,,Marzo,31,54
,,Abril,30,45
,,Mayo,40,47
,,Junio,35,64
,,Julio,33,54
,,Agosto,19,46
,,Septiembre,34,61
,,Octubre,28,52
,,Noviembre,40,60
,,Diciembre,51,68
,,No Especificado,2,6
,1999,Enero,28,40
,,Febrero,24,34
,,Marzo,31,50
,,Abril,23,33
,,Mayo,29,49
,,Junio,23,38
,,Julio,23,43
,,Agosto,19,35
,,Septiembre,28,45
,,Octubre,28,47
,,Noviembre,29,49
,,Diciembre,39,62
,,No Especificado,1,4
,2000,Enero,34,49
,,Febrero,24,39
,,Marzo,31,41
,,Abril,24,41
,,Mayo,29,53
,,Junio,34,51
,,Julio,30,51
,,Agosto,38,54
,,Septiembre,35,50
,,Octubre,26,46
,,Noviembre,28,44
,,Diciembre,33,56
,,No Especificado,1,7
,2001,Enero,30,48
,,Febrero,26,43
,,Marzo,24,36
,,Abril,37,52
,,Mayo,28,49
,,Junio,28,61
,,Julio,29,46
,,Agosto,39,70
,,Septiembre,22,43
,,Octubre,28,48
,,Noviembre,25,49
,,Diciembre,31,56
,,No Especificado,1,2
,2002,Enero,26,42
,,Febrero,34,53
,,Marzo,50,71
,,Abril,40,58
,,Mayo,29,49
,,Junio,41,71
,,Julio,30,41
,,Agosto,41,72
,,Septiembre,16,43
,,Octubre,24,40
,,Noviembre,31,47
,,Diciembre,15,31
,,No Especificado,2,5
,2003,Enero,33,49
,,Febrero,18,38
,,Marzo,25,46
,,Abril,23,44
,,Mayo,23,38
,,Junio,40,56
,,Julio,25,40
,,Agosto,13,32
,,Septiembre,26,43
,,Octubre,21,38
,,Noviembre,34,65
,,Diciembre,24,38
,,No Especificado,0,1
,2004,Enero,25,46
,,Febrero,17,33
,,Marzo,16,39
,,Abril,20,38
,,Mayo,24,47
,,Junio,25,41
,,Julio,24,41
,,Agosto,23,53
,,Septiembre,12,33
,,Octubre,20,33
,,Noviembre,12,32
,,Diciembre,23,46
,,No Especificado,0,0
,2005,Enero,24,46
,,Febrero,27,46
,,Marzo,44,65
,,Abril,24,35
,,Mayo,23,51
,,Junio,33,64
,,Julio,22,39
,,Agosto,16,35
,,Septiembre,20,46
,,Octubre,31,57
,,Noviembre,25,39
,,Diciembre,40,70
,,No Especificado,1,2
,2006,Enero,36,53
,,Febrero,27,55
,,Marzo,25,46
,,Abril,42,56
,,Mayo,38,57
,,Junio,28,46
,,Julio,23,36
,,Agosto,30,49
,,Septiembre,33,54
,,Octubre,44,52
,,Noviembre,43,63
,,Diciembre,23,45
,,No Especificado,0,0
,2007,Enero,16,26
,,Febrero,20,30
,,Marzo,24,41
,,Abril,23,39
,,Mayo,32,54
,,Junio,23,48
,,Julio,19,33
,,Agosto,23,44
,,Septiembre,21,47
,,Octubre,33,58
,,Noviembre,24,42
,,Diciembre,21,51
,,No Especificado,1,1
,2008,Enero,39,60
,,Febrero,85,106
,,Marzo,126,176
,,Abril,76,92
,,Mayo,183,229
,,Junio,204,255
,,Julio,178,219
,,Agosto,290,321
,,Septiembre,155,197
,,Octubre,275,310
,,Noviembre,277,319
,,Diciembre,240,282
,,No Especificado,0,1
Chihuahua Total,,,5482,8263
Distrito Federal,1998,Enero,46,72
,,Febrero,52,98
,,Marzo,60,104
,,Abril,65,115
,,Mayo,61,108
,,Junio,49,86
,,Julio,54,102
,,Agosto,59,102
,,Septiembre,66,120
,,Octubre,69,103
,,Noviembre,42,73
,,Diciembre,76,133
,,No Especificado,1,1
,1999,Enero,41,79
,,Febrero,62,88
,,Marzo,60,90
,,Abril,40,76
,,Mayo,52,73
,,Junio,54,82
,,Julio,66,82
,,Agosto,42,79
,,Septiembre,56,89
,,Octubre,71,103
,,Noviembre,55,88
,,Diciembre,62,110
,,No Especificado,0,1
,2000,Enero,68,93
,,Febrero,37,69
,,Marzo,54,92
,,Abril,48,67
,,Mayo,33,61
,,Junio,40,73
,,Julio,46,80
,,Agosto,52,76
,,Septiembre,45,74
,,Octubre,39,86
,,Noviembre,44,75
,,Diciembre,49,77
,,No Especificado,0,0
,2001,Enero,39,73
,,Febrero,48,82
,,Marzo,64,95
,,Abril,35,66
,,Mayo,59,92
,,Junio,38,70
,,Julio,58,94
,,Agosto,49,83
,,Septiembre,43,63
,,Octubre,63,102
,,Noviembre,51,74
,,Diciembre,52,93
,,No Especificado,0,0
,2002,Enero,46,71
,,Febrero,42,76
,,Marzo,62,96
,,Abril,50,87
,,Mayo,49,88
,,Junio,49,72
,,Julio,45,70
,,Agosto,56,82
,,Septiembre,44,76
,,Octubre,43,73
,,Noviembre,48,75
,,Diciembre,38,80
,,No Especificado,0,1
,2003,Enero,43,79
,,Febrero,51,91
,,Marzo,61,110
,,Abril,47,81
,,Mayo,31,61
,,Junio,48,86
,,Julio,44,78
,,Agosto,40,77
,,Septiembre,40,69
,,Octubre,48,94
,,Noviembre,45,75
,,Diciembre,37,74
,,No Especificado,0,0
,2004,Enero,45,73
,,Febrero,53,85
,,Marzo,44,93
,,Abril,34,71
,,Mayo,49,84
,,Junio,49,86
,,Julio,40,68
,,Agosto,34,69
,,Septiembre,41,72
,,Octubre,35,69
,,Noviembre,44,91
,,Diciembre,49,86
,,No Especificado,0,0
,2005,Enero,33,66
,,Febrero,27,62
,,Marzo,41,83
,,Abril,48,89
,,Mayo,29,61
,,Junio,51,94
,,Julio,36,70
,,Agosto,39,59
,,Septiembre,34,63
,,Octubre,33,67
,,Noviembre,53,78
,,Diciembre,49,91
,,No Especificado,0,0
,2006,Enero,36,77
,,Febrero,37,50
,,Marzo,35,76
,,Abril,33,58
,,Mayo,38,66
,,Junio,31,60
,,Julio,27,64
,,Agosto,48,92
,,Septiembre,49,77
,,Octubre,41,64
,,Noviembre,42,62
,,Diciembre,43,74
,,No Especificado,0,0
,2007,Enero,9,24
,,Febrero,4,14
,,Marzo,52,75
,,Abril,38,81
,,Mayo,59,95
,,Junio,40,73
,,Julio,55,76
,,Agosto,49,78
,,Septiembre,40,78
,,Octubre,54,92
,,Noviembre,38,79
,,Diciembre,56,84
,,No Especificado,0,0
,2008,Enero,42,85
,,Febrero,32,69
,,Marzo,29,62
,,Abril,24,59
,,Mayo,49,87
,,Junio,28,75
,,Julio,39,89
,,Agosto,39,79
,,Septiembre,29,68
,,Octubre,44,81
,,Noviembre,47,88
,,Diciembre,41,69
,,No Especificado,0,1
Distrito Federal Total,,,6009,10500
Durango,1998,Enero,17,19
,,Febrero,13,17
,,Marzo,12,16
,,Abril,23,29
,,Mayo,18,22
,,Junio,9,12
,,Julio,16,22
,,Agosto,23,27
,,Septiembre,14,16
,,Octubre,12,17
,,Noviembre,20,24
,,Diciembre,17,24
,,No Especificado,0,0
,1999,Enero,10,13
,,Febrero,20,22
,,Marzo,11,16
,,Abril,13,20
,,Mayo,10,14
,,Junio,16,18
,,Julio,11,15
,,Agosto,8,14
,,Septiembre,11,16
,,Octubre,11,13
,,Noviembre,17,22
,,Diciembre,10,13
,,No Especificado,1,1
,2000,Enero,14,18
,,Febrero,3,5
,,Marzo,7,16
,,Abril,6,9
,,Mayo,9,9
,,Junio,10,11
,,Julio,4,11
,,Agosto,6,11
,,Septiembre,12,17
,,Octubre,6,13
,,Noviembre,17,20
,,Diciembre,9,11
,,No Especificado,1,3
,2001,Enero,15,17
,,Febrero,8,10
,,Marzo,11,15
,,Abril,8,12
,,Mayo,13,17
,,Junio,14,24
,,Julio,13,14
,,Agosto,11,13
,,Septiembre,8,10
,,Octubre,4,6
,,Noviembre,4,10
,,Diciembre,13,15
,,No Especificado,0,0
,2002,Enero,8,15
,,Febrero,5,7
,,Marzo,13,15
,,Abril,10,14
,,Mayo,8,14
,,Junio,15,19
,,Julio,11,14
,,Agosto,14,20
,,Septiembre,10,12
,,Octubre,5,7
,,Noviembre,15,20
,,Diciembre,8,11
,,No Especificado,0,0
,2003,Enero,11,15
,,Febrero,12,17
,,Marzo,14,16
,,Abril,10,19
,,Mayo,12,20
,,Junio,11,13
,,Julio,14,19
,,Agosto,9,12
,,Septiembre,12,18
,,Octubre,10,14
,,Noviembre,13,18
,,Diciembre,8,12
,,No Especificado,0,0
,2004,Enero,12,14
,,Febrero,7,10
,,Marzo,8,11
,,Abril,9,9
,,Mayo,13,21
,,Junio,10,11
,,Julio,20,26
,,Agosto,4,7
,,Septiembre,1,5
,,Octubre,9,17
,,Noviembre,10,13
,,Diciembre,10,15
,,No Especificado,0,0
,2005,Enero,5,8
,,Febrero,9,15
,,Marzo,11,15
,,Abril,9,14
,,Mayo,14,16
,,Junio,11,18
,,Julio,8,8
,,Agosto,4,8
,,Septiembre,17,21
,,Octubre,11,14
,,Noviembre,13,16
,,Diciembre,9,13
,,No Especificado,0,0
,2006,Enero,12,17
,,Febrero,9,10
,,Marzo,7,16
,,Abril,11,14
,,Mayo,13,18
,,Junio,11,19
,,Julio,7,14
,,Agosto,3,4
,,Septiembre,10,19
,,Octubre,12,13
,,Noviembre,7,10
,,Diciembre,7,14
,,No Especificado,0,0
,2007,Enero,7,9
,,Febrero,10,14
,,Marzo,17,20
,,Abril,9,14
,,Mayo,12,23
,,Junio,12,15
,,Julio,13,17
,,Agosto,6,7
,,Septiembre,13,17
,,Octubre,8,12
,,Noviembre,6,11
,,Diciembre,9,15
,,No Especificado,0,0
,2008,Enero,20,24
,,Febrero,20,25
,,Marzo,18,29
,,Abril,18,23
,,Mayo,31,47
,,Junio,29,42
,,Julio,22,36
,,Agosto,25,35
,,Septiembre,26,37
,,Octubre,33,45
,,Noviembre,22,48
,,Diciembre,13,17
,,No Especificado,0,0
Durango Total,,,1569,2195
Guanajuato,1998,Enero,9,23
,,Febrero,11,17
,,Marzo,15,27
,,Abril,12,23
,,Mayo,20,35
,,Junio,8,19
,,Julio,14,21
,,Agosto,14,26
,,Septiembre,17,41
,,Octubre,12,25
,,Noviembre,10,18
,,Diciembre,15,37
,,No Especificado,0,0
,1999,Enero,9,21
,,Febrero,10,22
,,Marzo,10,18
,,Abril,9,25
,,Mayo,10,28
,,Junio,4,10
,,Julio,11,18
,,Agosto,14,24
,,Septiembre,8,19
,,Octubre,9,24
,,Noviembre,11,20
,,Diciembre,15,26
,,No Especificado,0,0
,2000,Enero,16,25
,,Febrero,14,29
,,Marzo,11,20
,,Abril,12,23
,,Mayo,9,21
,,Junio,6,9
,,Julio,9,23
,,Agosto,13,20
,,Septiembre,5,14
,,Octubre,5,15
,,Noviembre,7,14
,,Diciembre,10,24
,,No Especificado,0,0
,2001,Enero,16,25
,,Febrero,3,12
,,Marzo,12,21
,,Abril,14,25
,,Mayo,10,18
,,Junio,6,17
,,Julio,9,18
,,Agosto,8,14
,,Septiembre,9,16
,,Octubre,10,21
,,Noviembre,7,23
,,Diciembre,8,20
,,No Especificado,0,0
,2002,Enero,11,20
,,Febrero,11,19
,,Marzo,9,21
,,Abril,6,16
,,Mayo,4,13
,,Junio,6,17
,,Julio,8,11
,,Agosto,4,7
,,Septiembre,12,15
,,Octubre,9,16
,,Noviembre,16,25
,,Diciembre,11,20
,,No Especificado,0,0
,2003,Enero,8,18
,,Febrero,13,21
,,Marzo,2,16
,,Abril,7,17
,,Mayo,9,16
,,Junio,13,19
,,Julio,4,15
,,Agosto,7,17
,,Septiembre,8,23
,,Octubre,8,15
,,Noviembre,14,23
,,Diciembre,13,19
,,No Especificado,0,1
,2004,Enero,6,19
,,Febrero,5,13
,,Marzo,10,19
,,Abril,10,14
,,Mayo,4,8
,,Junio,6,16
,,Julio,7,14
,,Agosto,9,12
,,Septiembre,6,10
,,Octubre,7,14
,,Noviembre,6,15
,,Diciembre,10,19
,,No Especificado,1,3
,2005,Enero,7,11
,,Febrero,8,21
,,Marzo,12,25
,,Abril,8,17
,,Mayo,6,17
,,Junio,12,21
,,Julio,12,20
,,Agosto,6,14
,,Septiembre,6,13
,,Octubre,6,18
,,Noviembre,13,18
,,Diciembre,12,22
,,No Especificado,0,0
,2006,Enero,9,19
,,Febrero,11,22
,,Marzo,10,18
,,Abril,9,19
,,Mayo,7,12
,,Junio,7,15
,,Julio,6,22
,,Agosto,9,19
,,Septiembre,8,13
,,Octubre,6,14
,,Noviembre,14,20
,,Diciembre,3,12
,,No Especificado,1,1
,2007,Enero,10,14
,,Febrero,6,10
,,Marzo,7,16
,,Abril,4,15
,,Mayo,8,19
,,Junio,7,14
,,Julio,9,18
,,Agosto,7,15
,,Septiembre,4,15
,,Octubre,13,24
,,Noviembre,15,28
,,Diciembre,14,30
,,No Especificado,0,1
,2008,Enero,11,26
,,Febrero,13,25
,,Marzo,17,22
,,Abril,13,27
,,Mayo,13,24
,,Junio,13,23
,,Julio,6,11
,,Agosto,22,31
,,Septiembre,6,16
,,Octubre,16,28
,,Noviembre,20,27
,,Diciembre,15,32
,,No Especificado,0,0
Guanajuato Total,,,1283,2564
Guerrero,1998,Enero,70,96
,,Febrero,67,87
,,Marzo,78,93
,,Abril,51,79
,,Mayo,73,95
,,Junio,73,94
,,Julio,75,97
,,Agosto,68,94
,,Septiembre,68,91
,,Octubre,90,116
,,Noviembre,43,59
,,Diciembre,63,89
,,No Especificado,1,3
,1999,Enero,47,67
,,Febrero,58,80
,,Marzo,72,101
,,Abril,50,73
,,Mayo,44,73
,,Junio,53,67
,,Julio,51,75
,,Agosto,50,76
,,Septiembre,48,71
,,Octubre,75,94
,,Noviembre,56,83
,,Diciembre,63,98
,,No Especificado,5,6
,2000,Enero,52,73
,,Febrero,54,76
,,Marzo,53,76
,,Abril,33,46
,,Mayo,51,84
,,Junio,35,63
,,Julio,42,57
,,Agosto,45,60
,,Septiembre,41,52
,,Octubre,33,54
,,Noviembre,51,73
,,Diciembre,49,67
,,No Especificado,0,0
,2001,Enero,47,65
,,Febrero,32,43
,,Marzo,37,61
,,Abril,32,44
,,Mayo,33,49
,,Junio,22,38
,,Julio,36,55
,,Agosto,24,41
,,Septiembre,27,39
,,Octubre,54,78
,,Noviembre,39,56
,,Diciembre,51,82
,,No Especificado,0,0
,2002,Enero,32,47
,,Febrero,35,52
,,Marzo,46,60
,,Abril,31,47
,,Mayo,41,56
,,Junio,35,48
,,Julio,40,55
,,Agosto,30,45
,,Septiembre,37,47
,,Octubre,30,46
,,Noviembre,31,47
,,Diciembre,40,49
,,No Especificado,0,0
,2003,Enero,33,44
,,Febrero,24,36
,,Marzo,42,56
,,Abril,38,50
,,Mayo,32,46
,,Junio,40,57
,,Julio,46,55
,,Agosto,28,48
,,Septiembre,32,43
,,Octubre,24,39
,,Noviembre,36,52
,,Diciembre,34,49
,,No Especificado,0,1
,2004,Enero,34,44
,,Febrero,39,60
,,Marzo,33,49
,,Abril,36,46
,,Mayo,31,42
,,Junio,31,42
,,Julio,35,50
,,Agosto,30,44
,,Septiembre,27,40
,,Octubre,38,58
,,Noviembre,39,56
,,Diciembre,33,51
,,No Especificado,0,0
,2005,Enero,22,50
,,Febrero,31,44
,,Marzo,19,27
,,Abril,29,55
,,Mayo,21,35
,,Junio,44,53
,,Julio,48,72
,,Agosto,31,41
,,Septiembre,41,53
,,Octubre,25,37
,,Noviembre,32,57
,,Diciembre,38,64
,,No Especificado,0,1
,2006,Enero,34,56
,,Febrero,19,33
,,Marzo,22,42
,,Abril,57,79
,,Mayo,46,61
,,Junio,52,79
,,Julio,54,76
,,Agosto,26,41
,,Septiembre,68,79
,,Octubre,52,85
,,Noviembre,52,85
,,Diciembre,72,99
,,No Especificado,0,1
,2007,Enero,44,61
,,Febrero,35,44
,,Marzo,51,74
,,Abril,55,69
,,Mayo,71,103
,,Junio,49,63
,,Julio,67,86
,,Agosto,41,69
,,Septiembre,28,39
,,Octubre,28,48
,,Noviembre,26,32
,,Diciembre,27,39
,,No Especificado,1,1
,2008,Enero,42,61
,,Febrero,37,58
,,Marzo,41,58
,,Abril,32,60
,,Mayo,70,95
,,Junio,52,84
,,Julio,33,60
,,Agosto,45,64
,,Septiembre,53,80
,,Octubre,71,100
,,Noviembre,59,88
,,Diciembre,81,130
,,No Especificado,2,3
Guerrero Total,,,5784,8320
Hidalgo,1998,Enero,8,13
,,Febrero,9,14
,,Marzo,9,16
,,Abril,9,13
,,Mayo,8,14
,,Junio,15,16
,,Julio,5,14
,,Agosto,2,5
,,Septiembre,1,12
,,Octubre,1,6
,,Noviembre,2,9
,,Diciembre,7,14
,,No Especificado,1,1
,1999,Enero,8,16
,,Febrero,4,7
,,Marzo,6,9
,,Abril,3,10
,,Mayo,5,8
,,Junio,3,8
,,Julio,3,9
,,Agosto,5,8
,,Septiembre,4,6
,,Octubre,5,11
,,Noviembre,9,13
,,Diciembre,2,8
,,No Especificado,0,0
,2000,Enero,4,8
,,Febrero,5,8
,,Marzo,7,14
,,Abril,2,4
,,Mayo,3,9
,,Junio,2,5
,,Julio,3,6
,,Agosto,3,7
,,Septiembre,3,5
,,Octubre,2,6
,,Noviembre,4,6
,,Diciembre,8,12
,,No Especificado,0,1
,2001,Enero,6,10
,,Febrero,14,20
,,Marzo,3,8
,,Abril,5,9
,,Mayo,6,9
,,Junio,5,9
,,Julio,7,11
,,Agosto,3,5
,,Septiembre,5,11
,,Octubre,3,5
,,Noviembre,5,8
,,Diciembre,3,7
,,No Especificado,1,1
,2002,Enero,1,2
,,Febrero,3,3
,,Marzo,4,7
,,Abril,1,2
,,Mayo,6,7
,,Junio,1,5
,,Julio,3,3
,,Agosto,7,10
,,Septiembre,4,4
,,Octubre,4,6
,,Noviembre,4,4
,,Diciembre,5,5
,,No Especificado,0,0
,2003,Enero,4,4
,,Febrero,4,8
,,Marzo,4,5
,,Abril,9,11
,,Mayo,3,3
,,Junio,2,2
,,Julio,6,7
,,Agosto,4,5
,,Septiembre,3,4
,,Octubre,3,7
,,Noviembre,8,10
,,Diciembre,9,11
,,No Especificado,0,0
,2004,Enero,5,7
,,Febrero,10,10
,,Marzo,7,10
,,Abril,2,4
,,Mayo,6,9
,,Junio,2,4
,,Julio,3,6
,,Agosto,4,4
,,Septiembre,3,7
,,Octubre,4,8
,,Noviembre,1,7
,,Diciembre,2,3
,,No Especificado,0,0
,2005,Enero,7,8
,,Febrero,6,8
,,Marzo,5,6
,,Abril,3,4
,,Mayo,4,6
,,Junio,2,3
,,Julio,2,4
,,Agosto,2,5
,,Septiembre,6,10
,,Octubre,5,6
,,Noviembre,5,7
,,Diciembre,2,4
,,No Especificado,0,0
,2006,Enero,3,6
,,Febrero,0,1
,,Marzo,4,7
,,Abril,5,6
,,Mayo,3,4
,,Junio,0,2
,,Julio,3,6
,,Agosto,2,5
,,Septiembre,1,2
,,Octubre,3,3
,,Noviembre,1,2
,,Diciembre,4,7
,,No Especificado,0,0
,2007,Enero,2,7
,,Febrero,2,4
,,Marzo,2,3
,,Abril,3,4
,,Mayo,5,12
,,Junio,5,9
,,Julio,2,3
,,Agosto,0,3
,,Septiembre,4,6
,,Octubre,4,5
,,Noviembre,6,9
,,Diciembre,1,7
,,No Especificado,0,0
,2008,Enero,3,4
,,Febrero,3,7
,,Marzo,2,6
,,Abril,6,7
,,Mayo,3,4
,,Junio,4,7
,,Julio,0,0
,,Agosto,10,13
,,Septiembre,6,8
,,Octubre,2,4
,,Noviembre,8,8
,,Diciembre,4,4
,,No Especificado,0,0
Hidalgo Total,,,562,944
Jalisco,1998,Enero,24,39
,,Febrero,30,48
,,Marzo,42,61
,,Abril,30,52
,,Mayo,32,45
,,Junio,30,53
,,Julio,24,38
,,Agosto,26,51
,,Septiembre,21,40
,,Octubre,24,38
,,Noviembre,28,45
,,Diciembre,27,45
,,No Especificado,0,2
,1999,Enero,41,54
,,Febrero,23,33
,,Marzo,27,48
,,Abril,19,33
,,Mayo,38,54
,,Junio,32,53
,,Julio,23,48
,,Agosto,17,33
,,Septiembre,25,41
,,Octubre,27,54
,,Noviembre,30,45
,,Diciembre,28,44
,,No Especificado,2,2
,2000,Enero,26,43
,,Febrero,21,42
,,Marzo,24,40
,,Abril,26,49
,,Mayo,15,30
,,Junio,20,39
,,Julio,14,32
,,Agosto,28,40
,,Septiembre,24,38
,,Octubre,35,48
,,Noviembre,24,34
,,Diciembre,28,41
,,No Especificado,0,1
,2001,Enero,21,41
,,Febrero,20,27
,,Marzo,20,40
,,Abril,25,39
,,Mayo,24,40
,,Junio,27,45
,,Julio,32,51
,,Agosto,25,48
,,Septiembre,27,45
,,Octubre,37,51
,,Noviembre,24,36
,,Diciembre,16,31
,,No Especificado,0,2
,2002,Enero,19,33
,,Febrero,25,47
,,Marzo,30,49
,,Abril,29,47
,,Mayo,16,37
,,Junio,23,38
,,Julio,18,35
,,Agosto,19,37
,,Septiembre,25,43
,,Octubre,23,38
,,Noviembre,25,37
,,Diciembre,26,47
,,No Especificado,1,2
,2003,Enero,24,36
,,Febrero,22,36
,,Marzo,26,37
,,Abril,24,38
,,Mayo,25,31
,,Junio,33,42
,,Julio,33,47
,,Agosto,22,42
,,Septiembre,15,27
,,Octubre,32,43
,,Noviembre,28,42
,,Diciembre,27,42
,,No Especificado,0,1
,2004,Enero,25,39
,,Febrero,23,32
,,Marzo,24,40
,,Abril,18,36
,,Mayo,14,27
,,Junio,26,39
,,Julio,14,25
,,Agosto,23,36
,,Septiembre,15,27
,,Octubre,29,53
,,Noviembre,20,32
,,Diciembre,16,29
,,No Especificado,0,0
,2005,Enero,16,27
,,Febrero,21,35
,,Marzo,18,30
,,Abril,22,44
,,Mayo,23,40
,,Junio,25,36
,,Julio,14,23
,,Agosto,16,39
,,Septiembre,27,41
,,Octubre,24,44
,,Noviembre,31,41
,,Diciembre,28,45
,,No Especificado,2,2
,2006,Enero,29,56
,,Febrero,19,33
,,Marzo,19,37
,,Abril,30,46
,,Mayo,20,43
,,Junio,21,36
,,Julio,29,34
,,Agosto,23,35
,,Septiembre,22,39
,,Octubre,19,29
,,Noviembre,35,52
,,Diciembre,21,35
,,No Especificado,0,1
,2007,Enero,21,35
,,Febrero,17,31
,,Marzo,21,26
,,Abril,18,32
,,Mayo,22,41
,,Junio,27,40
,,Julio,13,29
,,Agosto,33,49
,,Septiembre,16,38
,,Octubre,22,41
,,Noviembre,27,37
,,Diciembre,25,44
,,No Especificado,0,0
,2008,Enero,24,38
,,Febrero,22,34
,,Marzo,35,43
,,Abril,23,37
,,Mayo,27,50
,,Junio,36,57
,,Julio,37,49
,,Agosto,25,44
,,Septiembre,17,38
,,Octubre,40,56
,,Noviembre,23,39
,,Diciembre,32,55
,,No Especificado,1,1
Jalisco Total,,,3248,5348
México,1998,Enero,67,189
,,Febrero,56,193
,,Marzo,80,208
,,Abril,68,219
,,Mayo,71,203
,,Junio,52,179
,,Julio,61,208
,,Agosto,63,194
,,Septiembre,76,182
,,Octubre,75,202
,,Noviembre,52,194
,,Diciembre,78,193
,,No Especificado,0,6
,1999,Enero,58,162
,,Febrero,73,190
,,Marzo,77,205
,,Abril,56,200
,,Mayo,74,190
,,Junio,52,143
,,Julio,50,181
,,Agosto,59,158
,,Septiembre,51,151
,,Octubre,56,173
,,Noviembre,39,151
,,Diciembre,61,208
,,No Especificado,0,1
,2000,Enero,64,179
,,Febrero,50,162
,,Marzo,58,184
,,Abril,64,175
,,Mayo,51,160
,,Junio,42,123
,,Julio,56,192
,,Agosto,49,151
,,Septiembre,67,202
,,Octubre,36,134
,,Noviembre,48,148
,,Diciembre,67,206
,,No Especificado,0,1
,2001,Enero,67,177
,,Febrero,52,143
,,Marzo,57,160
,,Abril,40,151
,,Mayo,66,177
,,Junio,50,147
,,Julio,52,172
,,Agosto,42,172
,,Septiembre,55,154
,,Octubre,55,157
,,Noviembre,40,154
,,Diciembre,71,170
,,No Especificado,0,1
,2002,Enero,53,174
,,Febrero,57,160
,,Marzo,62,177
,,Abril,60,144
,,Mayo,51,154
,,Junio,57,159
,,Julio,69,183
,,Agosto,51,170
,,Septiembre,46,147
,,Octubre,41,140
,,Noviembre,44,160
,,Diciembre,80,187
,,No Especificado,1,2
,2003,Enero,46,155
,,Febrero,45,137
,,Marzo,59,173
,,Abril,60,168
,,Mayo,61,171
,,Junio,45,139
,,Julio,54,150
,,Agosto,37,143
,,Septiembre,57,145
,,Octubre,55,162
,,Noviembre,55,197
,,Diciembre,56,169
,,No Especificado,0,0
,2004,Enero,32,140
,,Febrero,56,164
,,Marzo,43,146
,,Abril,35,126
,,Mayo,48,171
,,Junio,49,135
,,Julio,60,159
,,Agosto,37,146
,,Septiembre,39,148
,,Octubre,42,141
,,Noviembre,43,140
,,Diciembre,39,122
,,No Especificado,0,1
,2005,Enero,54,182
,,Febrero,43,165
,,Marzo,35,165
,,Abril,53,162
,,Mayo,57,168
,,Junio,52,159
,,Julio,44,162
,,Agosto,43,191
,,Septiembre,47,161
,,Octubre,44,161
,,Noviembre,44,152
,,Diciembre,58,189
,,No Especificado,0,0
,2006,Enero,36,160
,,Febrero,40,172
,,Marzo,35,155
,,Abril,56,168
,,Mayo,53,177
,,Junio,64,138
,,Julio,46,145
,,Agosto,54,154
,,Septiembre,61,135
,,Octubre,42,104
,,Noviembre,46,106
,,Diciembre,57,129
,,No Especificado,0,0
,2007,Enero,43,105
,,Febrero,38,83
,,Marzo,51,110
,,Abril,42,110
,,Mayo,56,107
,,Junio,42,89
,,Julio,58,102
,,Agosto,47,97
,,Septiembre,49,118
,,Octubre,55,105
,,Noviembre,41,95
,,Diciembre,40,114
,,No Especificado,0,0
,2008,Enero,57,124
,,Febrero,48,114
,,Marzo,49,126
,,Abril,57,138
,,Mayo,46,112
,,Junio,49,98
,,Julio,71,143
,,Agosto,74,142
,,Septiembre,90,162
,,Octubre,74,136
,,Noviembre,67,133
,,Diciembre,59,131
,,No Especificado,0,0
México Total,,,7096,20594
Michoacán de Ocampo,1998,Enero,41,59
,,Febrero,32,46
,,Marzo,46,58
,,Abril,40,53
,,Mayo,35,54
,,Junio,33,36
,,Julio,39,52
,,Agosto,25,37
,,Septiembre,32,50
,,Octubre,31,54
,,Noviembre,39,63
,,Diciembre,47,72
,,No Especificado,2,4
,1999,Enero,43,65
,,Febrero,28,39
,,Marzo,49,65
,,Abril,26,36
,,Mayo,54,63
,,Junio,22,41
,,Julio,29,62
,,Agosto,38,47
,,Septiembre,32,48
,,Octubre,37,45
,,Noviembre,42,57
,,Diciembre,55,69
,,No Especificado,1,2
,2000,Enero,45,63
,,Febrero,37,44
,,Marzo,44,62
,,Abril,25,36
,,Mayo,38,47
,,Junio,26,32
,,Julio,31,37
,,Agosto,27,36
,,Septiembre,50,64
,,Octubre,30,45
,,Noviembre,30,45
,,Diciembre,65,81
,,No Especificado,2,2
,2001,Enero,39,58
,,Febrero,43,63
,,Marzo,41,53
,,Abril,36,50
,,Mayo,30,51
,,Junio,42,49
,,Julio,21,31
,,Agosto,24,33
,,Septiembre,31,43
,,Octubre,42,63
,,Noviembre,37,51
,,Diciembre,39,63
,,No Especificado,2,4
,2002,Enero,33,51
,,Febrero,28,40
,,Marzo,35,48
,,Abril,39,52
,,Mayo,23,39
,,Junio,25,42
,,Julio,26,41
,,Agosto,26,36
,,Septiembre,27,41
,,Octubre,34,44
,,Noviembre,26,44
,,Diciembre,52,61
,,No Especificado,0,1
,2003,Enero,42,55
,,Febrero,20,34
,,Marzo,37,56
,,Abril,42,46
,,Mayo,31,48
,,Junio,32,42
,,Julio,26,45
,,Agosto,33,39
,,Septiembre,38,50
,,Octubre,36,48
,,Noviembre,32,45
,,Diciembre,26,36
,,No Especificado,0,2
,2004,Enero,33,48
,,Febrero,28,35
,,Marzo,50,60
,,Abril,31,38
,,Mayo,32,49
,,Junio,30,44
,,Julio,43,50
,,Agosto,36,45
,,Septiembre,23,39
,,Octubre,25,46
,,Noviembre,33,51
,,Diciembre,35,47
,,No Especificado,1,1
,2005,Enero,35,40
,,Febrero,53,70
,,Marzo,47,64
,,Abril,35,54
,,Mayo,38,57
,,Junio,34,54
,,Julio,42,57
,,Agosto,22,34
,,Septiembre,41,51
,,Octubre,47,65
,,Noviembre,45,64
,,Diciembre,50,68
,,No Especificado,1,1
,2006,Enero,56,68
,,Febrero,31,50
,,Marzo,38,50
,,Abril,50,75
,,Mayo,53,71
,,Junio,63,79
,,Julio,61,73
,,Agosto,116,144
,,Septiembre,64,86
,,Octubre,61,87
,,Noviembre,92,106
,,Diciembre,86,106
,,No Especificado,3,5
,2007,Enero,30,41
,,Febrero,19,27
,,Marzo,52,59
,,Abril,33,42
,,Mayo,52,61
,,Junio,22,31
,,Julio,32,44
,,Agosto,49,54
,,Septiembre,31,46
,,Octubre,38,53
,,Noviembre,35,40
,,Diciembre,29,42
,,No Especificado,4,5
,2008,Enero,34,54
,,Febrero,33,46
,,Marzo,27,38
,,Abril,42,63
,,Mayo,35,53
,,Junio,29,45
,,Julio,39,59
,,Agosto,29,50
,,Septiembre,32,57
,,Octubre,18,44
,,Noviembre,38,59
,,Diciembre,44,54
,,No Especificado,2,2
Michoacán de Ocampo Total,,,5036,6970
Morelos,1998,Enero,12,22
,,Febrero,10,16
,,Marzo,12,24
,,Abril,12,28
,,Mayo,20,35
,,Junio,18,30
,,Julio,14,21
,,Agosto,21,35
,,Septiembre,14,26
,,Octubre,21,31
,,Noviembre,16,19
,,Diciembre,20,27
,,No Especificado,0,0
,1999,Enero,20,27
,,Febrero,16,26
,,Marzo,19,33
,,Abril,16,34
,,Mayo,14,27
,,Junio,19,31
,,Julio,9,22
,,Agosto,16,29
,,Septiembre,14,21
,,Octubre,14,20
,,Noviembre,9,17
,,Diciembre,13,21
,,No Especificado,0,0
,2000,Enero,11,20
,,Febrero,15,26
,,Marzo,13,18
,,Abril,11,17
,,Mayo,12,22
,,Junio,9,17
,,Julio,16,23
,,Agosto,4,16
,,Septiembre,10,17
,,Octubre,13,23
,,Noviembre,6,13
,,Diciembre,13,28
,,No Especificado,0,0
,2001,Enero,7,14
,,Febrero,11,22
,,Marzo,11,13
,,Abril,7,16
,,Mayo,12,19
,,Junio,10,13
,,Julio,9,18
,,Agosto,11,16
,,Septiembre,13,25
,,Octubre,13,20
,,Noviembre,7,14
,,Diciembre,8,17
,,No Especificado,0,0
,2002,Enero,6,11
,,Febrero,11,15
,,Marzo,9,18
,,Abril,11,20
,,Mayo,6,11
,,Junio,8,16
,,Julio,8,15
,,Agosto,8,17
,,Septiembre,7,8
,,Octubre,11,15
,,Noviembre,11,19
,,Diciembre,6,11
,,No Especificado,0,0
,2003,Enero,8,16
,,Febrero,2,6
,,Marzo,13,28
,,Abril,9,15
,,Mayo,6,19
,,Junio,9,10
,,Julio,5,16
,,Agosto,6,12
,,Septiembre,10,14
,,Octubre,7,10
,,Noviembre,9,12
,,Diciembre,7,11
,,No Especificado,0,0
,2004,Enero,8,17
,,Febrero,3,12
,,Marzo,8,17
,,Abril,3,12
,,Mayo,9,20
,,Junio,8,14
,,Julio,6,13
,,Agosto,5,17
,,Septiembre,3,11
,,Octubre,6,9
,,Noviembre,2,7
,,Diciembre,4,13
,,No Especificado,0,0
,2005,Enero,8,12
,,Febrero,6,14
,,Marzo,6,10
,,Abril,4,9
,,Mayo,9,13
,,Junio,7,21
,,Julio,3,8
,,Agosto,3,6
,,Septiembre,3,10
,,Octubre,7,11
,,Noviembre,9,12
,,Diciembre,1,8
,,No Especificado,0,0
,2006,Enero,9,20
,,Febrero,2,5
,,Marzo,6,15
,,Abril,10,14
,,Mayo,7,14
,,Junio,9,15
,,Julio,7,13
,,Agosto,8,13
,,Septiembre,5,9
,,Octubre,3,5
,,Noviembre,5,10
,,Diciembre,4,6
,,No Especificado,0,1
,2007,Enero,0,4
,,Febrero,2,6
,,Marzo,0,2
,,Abril,4,13
,,Mayo,8,12
,,Junio,10,16
,,Julio,7,10
,,Agosto,6,13
,,Septiembre,4,10
,,Octubre,5,14
,,Noviembre,10,15
,,Diciembre,13,14
,,No Especificado,0,0
,2008,Enero,4,13
,,Febrero,5,7
,,Marzo,11,25
,,Abril,11,14
,,Mayo,14,20
,,Junio,18,27
,,Julio,9,16
,,Agosto,9,17
,,Septiembre,14,23
,,Octubre,10,16
,,Noviembre,12,17
,,Diciembre,8,14
,,No Especificado,0,0
Morelos Total,,,1214,2188
Nayarit,1998,Enero,4,9
,,Febrero,4,7
,,Marzo,3,8
,,Abril,10,14
,,Mayo,11,14
,,Junio,3,9
,,Julio,7,9
,,Agosto,4,7
,,Septiembre,5,8
,,Octubre,10,12
,,Noviembre,11,15
,,Diciembre,7,10
,,No Especificado,0,0
,1999,Enero,4,5
,,Febrero,10,11
,,Marzo,5,8
,,Abril,11,13
,,Mayo,15,22
,,Junio,3,7
,,Julio,3,6
,,Agosto,5,12
,,Septiembre,8,12
,,Octubre,11,13
,,Noviembre,3,6
,,Diciembre,5,7
,,No Especificado,1,1
,2000,Enero,5,7
,,Febrero,5,7
,,Marzo,3,5
,,Abril,7,10
,,Mayo,5,9
,,Junio,6,12
,,Julio,3,7
,,Agosto,1,3
,,Septiembre,3,4
,,Octubre,5,12
,,Noviembre,5,12
,,Diciembre,8,10
,,No Especificado,1,1
,2001,Enero,5,9
,,Febrero,3,4
,,Marzo,5,8
,,Abril,1,9
,,Mayo,4,7
,,Junio,13,17
,,Julio,5,9
,,Agosto,6,10
,,Septiembre,2,4
,,Octubre,7,8
,,Noviembre,5,9
,,Diciembre,7,12
,,No Especificado,0,0
,2002,Enero,6,7
,,Febrero,6,16
,,Marzo,8,9
,,Abril,12,16
,,Mayo,9,12
,,Junio,5,9
,,Julio,16,20
,,Agosto,10,13
,,Septiembre,8,13
,,Octubre,5,7
,,Noviembre,11,12
,,Diciembre,8,11
,,No Especificado,0,2
,2003,Enero,6,13
,,Febrero,2,3
,,Marzo,6,13
,,Abril,7,8
,,Mayo,6,9
,,Junio,7,9
,,Julio,4,10
,,Agosto,5,7
,,Septiembre,4,10
,,Octubre,5,6
,,Noviembre,7,10
,,Diciembre,7,8
,,No Especificado,0,0
,2004,Enero,11,13
,,Febrero,3,7
,,Marzo,3,11
,,Abril,4,8
,,Mayo,7,13
,,Junio,16,19
,,Julio,3,5
,,Agosto,10,11
,,Septiembre,5,12
,,Octubre,5,11
,,Noviembre,4,11
,,Diciembre,10,15
,,No Especificado,0,1
,2005,Enero,8,11
,,Febrero,8,10
,,Marzo,7,10
,,Abril,4,7
,,Mayo,5,8
,,Junio,1,9
,,Julio,5,7
,,Agosto,13,19
,,Septiembre,7,12
,,Octubre,11,16
,,Noviembre,11,15
,,Diciembre,2,6
,,No Especificado,0,0
,2006,Enero,7,11
,,Febrero,1,2
,,Marzo,2,7
,,Abril,5,9
,,Mayo,4,8
,,Junio,7,11
,,Julio,4,9
,,Agosto,4,7
,,Septiembre,2,5
,,Octubre,2,10
,,Noviembre,7,8
,,Diciembre,7,10
,,No Especificado,1,2
,2007,Enero,3,5
,,Febrero,3,8
,,Marzo,3,6
,,Abril,6,8
,,Mayo,5,9
,,Junio,6,7
,,Julio,10,11
,,Agosto,5,7
,,Septiembre,7,11
,,Octubre,3,12
,,Noviembre,6,13
,,Diciembre,7,9
,,No Especificado,1,2
,2008,Enero,7,9
,,Febrero,4,4
,,Marzo,7,13
,,Abril,8,12
,,Mayo,14,23
,,Junio,6,9
,,Julio,5,11
,,Agosto,8,13
,,Septiembre,8,12
,,Octubre,14,15
,,Noviembre,14,18
,,Diciembre,5,7
,,No Especificado,0,1
Nayarit Total,,,834,1324
Nuevo León,1998,Enero,5,8
,,Febrero,6,10
,,Marzo,4,10
,,Abril,2,8
,,Mayo,7,11
,,Junio,7,11
,,Julio,6,12
,,Agosto,7,10
,,Septiembre,12,25
,,Octubre,6,13
,,Noviembre,3,7
,,Diciembre,4,5
,,No Especificado,0,0
,1999,Enero,7,7
,,Febrero,3,3
,,Marzo,5,7
,,Abril,2,5
,,Mayo,10,16
,,Junio,9,10
,,Julio,3,15
,,Agosto,9,16
,,Septiembre,5,7
,,Octubre,5,11
,,Noviembre,3,9
,,Diciembre,2,5
,,No Especificado,0,0
,2000,Enero,8,12
,,Febrero,6,13
,,Marzo,0,9
,,Abril,2,10
,,Mayo,6,13
,,Junio,5,17
,,Julio,4,5
,,Agosto,1,5
,,Septiembre,7,10
,,Octubre,0,5
,,Noviembre,1,2
,,Diciembre,7,10
,,No Especificado,0,0
,2001,Enero,3,6
,,Febrero,2,10
,,Marzo,5,12
,,Abril,2,6
,,Mayo,1,7
,,Junio,1,4
,,Julio,0,2
,,Agosto,2,7
,,Septiembre,3,9
,,Octubre,5,7
,,Noviembre,2,6
,,Diciembre,8,12
,,No Especificado,0,1
,2002,Enero,6,12
,,Febrero,0,4
,,Marzo,5,11
,,Abril,8,11
,,Mayo,2,6
,,Junio,4,9
,,Julio,1,4
,,Agosto,11,16
,,Septiembre,5,9
,,Octubre,2,9
,,Noviembre,3,5
,,Diciembre,3,7
,,No Especificado,0,0
,2003,Enero,1,5
,,Febrero,2,12
,,Marzo,9,19
,,Abril,13,22
,,Mayo,3,12
,,Junio,12,19
,,Julio,3,9
,,Agosto,6,10
,,Septiembre,7,12
,,Octubre,7,12
,,Noviembre,2,9
,,Diciembre,3,6
,,No Especificado,1,1
,2004,Enero,4,7
,,Febrero,2,8
,,Marzo,3,7
,,Abril,4,10
,,Mayo,1,8
,,Junio,3,16
,,Julio,2,10
,,Agosto,2,10
,,Septiembre,5,14
,,Octubre,2,8
,,Noviembre,6,11
,,Diciembre,4,8
,,No Especificado,0,0
,2005,Enero,6,8
,,Febrero,5,8
,,Marzo,5,12
,,Abril,6,13
,,Mayo,6,13
,,Junio,3,15
,,Julio,9,20
,,Agosto,2,4
,,Septiembre,10,19
,,Octubre,11,16
,,Noviembre,3,8
,,Diciembre,4,12
,,No Especificado,0,0
,2006,Enero,6,12
,,Febrero,8,14
,,Marzo,8,17
,,Abril,6,11
,,Mayo,10,16
,,Junio,6,11
,,Julio,7,15
,,Agosto,9,16
,,Septiembre,5,18
,,Octubre,5,13
,,Noviembre,18,24
,,Diciembre,4,10
,,No Especificado,0,0
,2007,Enero,11,15
,,Febrero,12,17
,,Marzo,33,38
,,Abril,15,29
,,Mayo,27,39
,,Junio,13,22
,,Julio,11,26
,,Agosto,8,16
,,Septiembre,13,25
,,Octubre,8,21
,,Noviembre,10,16
,,Diciembre,10,14
,,No Especificado,0,0
,2008,Enero,8,19
,,Febrero,20,31
,,Marzo,12,18
,,Abril,15,24
,,Mayo,13,18
,,Junio,7,18
,,Julio,14,21
,,Agosto,6,15
,,Septiembre,3,9
,,Octubre,7,29
,,Noviembre,10,21
,,Diciembre,4,8
,,No Especificado,0,0
Nuevo León Total,,,822,1643
Oaxaca,1998,Enero,49,82
,,Febrero,72,102
,,Marzo,61,85
,,Abril,62,86
,,Mayo,72,107
,,Junio,43,74
,,Julio,42,62
,,Agosto,40,61
,,Septiembre,28,56
,,Octubre,45,65
,,Noviembre,54,81
,,Diciembre,60,89
,,No Especificado,0,0
,1999,Enero,37,69
,,Febrero,36,58
,,Marzo,43,71
,,Abril,40,73
,,Mayo,55,91
,,Junio,36,58
,,Julio,29,57
,,Agosto,40,77
,,Septiembre,28,51
,,Octubre,26,55
,,Noviembre,30,55
,,Diciembre,48,71
,,No Especificado,1,2
,2000,Enero,45,75
,,Febrero,28,66
,,Marzo,33,49
,,Abril,31,55
,,Mayo,21,44
,,Junio,22,37
,,Julio,35,62
,,Agosto,25,58
,,Septiembre,34,62
,,Octubre,33,58
,,Noviembre,26,51
,,Diciembre,35,72
,,No Especificado,4,7
,2001,Enero,39,58
,,Febrero,21,51
,,Marzo,26,47
,,Abril,17,43
,,Mayo,28,59
,,Junio,30,57
,,Julio,24,46
,,Agosto,26,45
,,Septiembre,37,70
,,Octubre,20,43
,,Noviembre,22,44
,,Diciembre,39,65
,,No Especificado,2,6
,2002,Enero,26,45
,,Febrero,19,42
,,Marzo,32,55
,,Abril,24,45
,,Mayo,52,77
,,Junio,17,39
,,Julio,31,55
,,Agosto,25,58
,,Septiembre,18,38
,,Octubre,18,51
,,Noviembre,26,40
,,Diciembre,23,49
,,No Especificado,5,7
,2003,Enero,23,39
,,Febrero,23,40
,,Marzo,27,63
,,Abril,36,54
,,Mayo,24,43
,,Junio,16,44
,,Julio,34,59
,,Agosto,27,56
,,Septiembre,23,46
,,Octubre,24,46
,,Noviembre,30,61
,,Diciembre,32,64
,,No Especificado,1,3
,2004,Enero,25,50
,,Febrero,31,52
,,Marzo,18,47
,,Abril,16,45
,,Mayo,22,47
,,Junio,40,66
,,Julio,31,60
,,Agosto,27,48
,,Septiembre,24,48
,,Octubre,31,50
,,Noviembre,32,56
,,Diciembre,36,57
,,No Especificado,0,2
,2005,Enero,29,44
,,Febrero,21,42
,,Marzo,21,37
,,Abril,23,45
,,Mayo,17,39
,,Junio,26,48
,,Julio,23,51
,,Agosto,26,48
,,Septiembre,27,43
,,Octubre,33,54
,,Noviembre,23,45
,,Diciembre,35,51
,,No Especificado,0,0
,2006,Enero,36,60
,,Febrero,22,44
,,Marzo,30,49
,,Abril,23,33
,,Mayo,24,40
,,Junio,10,28
,,Julio,19,30
,,Agosto,23,39
,,Septiembre,23,45
,,Octubre,24,42
,,Noviembre,37,57
,,Diciembre,43,66
,,No Especificado,0,0
,2007,Enero,27,54
,,Febrero,18,32
,,Marzo,18,33
,,Abril,31,47
,,Mayo,34,56
,,Junio,20,42
,,Julio,29,50
,,Agosto,23,43
,,Septiembre,22,44
,,Octubre,29,63
,,Noviembre,23,42
,,Diciembre,37,65
,,No Especificado,0,0
,2008,Enero,50,63
,,Febrero,23,39
,,Marzo,25,51
,,Abril,30,43
,,Mayo,30,49
,,Junio,24,39
,,Julio,36,51
,,Agosto,33,48
,,Septiembre,45,67
,,Octubre,34,47
,,Noviembre,26,41
,,Diciembre,17,36
,,No Especificado,2,4
Oaxaca Total,,,4053,7144
Puebla,1998,Enero,20,35
,,Febrero,18,37
,,Marzo,27,54
,,Abril,22,34
,,Mayo,26,63
,,Junio,30,52
,,Julio,20,43
,,Agosto,10,28
,,Septiembre,16,35
,,Octubre,17,27
,,Noviembre,14,30
,,Diciembre,30,51
,,No Especificado,0,2
,1999,Enero,17,39
,,Febrero,22,38
,,Marzo,18,37
,,Abril,24,38
,,Mayo,24,44
,,Junio,20,30
,,Julio,17,36
,,Agosto,16,33
,,Septiembre,25,49
,,Octubre,16,37
,,Noviembre,18,32
,,Diciembre,14,31
,,No Especificado,2,3
,2000,Enero,9,25
,,Febrero,21,37
,,Marzo,21,35
,,Abril,18,33
,,Mayo,18,35
,,Junio,14,30
,,Julio,18,34
,,Agosto,9,26
,,Septiembre,19,33
,,Octubre,15,34
,,Noviembre,16,39
,,Diciembre,18,37
,,No Especificado,0,0
,2001,Enero,20,38
,,Febrero,8,24
,,Marzo,13,35
,,Abril,17,38
,,Mayo,22,45
,,Junio,10,23
,,Julio,13,42
,,Agosto,19,36
,,Septiembre,18,28
,,Octubre,17,32
,,Noviembre,15,39
,,Diciembre,13,40
,,No Especificado,0,1
,2002,Enero,15,38
,,Febrero,10,26
,,Marzo,16,30
,,Abril,11,24
,,Mayo,13,30
,,Junio,12,32
,,Julio,12,30
,,Agosto,13,35
,,Septiembre,10,26
,,Octubre,10,30
,,Noviembre,16,32
,,Diciembre,14,37
,,No Especificado,1,5
,2003,Enero,17,40
,,Febrero,14,33
,,Marzo,10,24
,,Abril,9,22
,,Mayo,15,29
,,Junio,11,31
,,Julio,8,21
,,Agosto,12,23
,,Septiembre,14,29
,,Octubre,11,27
,,Noviembre,10,34
,,Diciembre,11,33
,,No Especificado,2,2
,2004,Enero,10,29
,,Febrero,16,27
,,Marzo,12,32
,,Abril,13,27
,,Mayo,8,29
,,Junio,17,37
,,Julio,12,22
,,Agosto,14,30
,,Septiembre,16,35
,,Octubre,8,27
,,Noviembre,15,31
,,Diciembre,7,31
,,No Especificado,1,3
,2005,Enero,21,38
,,Febrero,9,20
,,Marzo,11,22
,,Abril,12,26
,,Mayo,11,25
,,Junio,16,29
,,Julio,9,23
,,Agosto,14,31
,,Septiembre,16,30
,,Octubre,5,18
,,Noviembre,19,29
,,Diciembre,11,23
,,No Especificado,0,1
,2006,Enero,21,34
,,Febrero,10,25
,,Marzo,18,41
,,Abril,12,28
,,Mayo,15,32
,,Junio,9,18
,,Julio,18,33
,,Agosto,15,28
,,Septiembre,9,26
,,Octubre,18,37
,,Noviembre,9,25
,,Diciembre,14,23
,,No Especificado,0,0
,2007,Enero,11,21
,,Febrero,7,17
,,Marzo,12,32
,,Abril,11,32
,,Mayo,11,26
,,Junio,8,20
,,Julio,9,21
,,Agosto,7,13
,,Septiembre,11,21
,,Octubre,6,18
,,Noviembre,14,26
,,Diciembre,18,31
,,No Especificado,1,1
,2008,Enero,12,25
,,Febrero,18,31
,,Marzo,14,28
,,Abril,18,41
,,Mayo,12,29
,,Junio,13,25
,,Julio,10,26
,,Agosto,14,23
,,Septiembre,12,24
,,Octubre,19,30
,,Noviembre,16,30
,,Diciembre,16,31
,,No Especificado,0,1
Puebla Total,,,1932,4128
Querétaro de Arteaga,1998,Enero,5,9
,,Febrero,4,8
,,Marzo,0,5
,,Abril,6,12
,,Mayo,3,5
,,Junio,5,7
,,Julio,2,7
,,Agosto,6,10
,,Septiembre,0,2
,,Octubre,4,7
,,Noviembre,2,6
,,Diciembre,4,6
,,No Especificado,0,0
,1999,Enero,5,10
,,Febrero,7,11
,,Marzo,4,9
,,Abril,2,6
,,Mayo,0,9
,,Junio,1,5
,,Julio,1,4
,,Agosto,3,6
,,Septiembre,4,13
,,Octubre,1,1
,,Noviembre,2,6
,,Diciembre,4,11
,,No Especificado,0,0
,2000,Enero,4,10
,,Febrero,7,14
,,Marzo,2,7
,,Abril,2,9
,,Mayo,1,10
,,Junio,6,10
,,Julio,1,6
,,Agosto,3,10
,,Septiembre,1,11
,,Octubre,0,5
,,Noviembre,1,3
,,Diciembre,3,12
,,No Especificado,0,0
,2001,Enero,4,13
,,Febrero,0,2
,,Marzo,2,8
,,Abril,6,12
,,Mayo,3,8
,,Junio,3,13
,,Julio,1,6
,,Agosto,0,7
,,Septiembre,5,7
,,Octubre,5,7
,,Noviembre,3,11
,,Diciembre,2,12
,,No Especificado,0,0
,2002,Enero,1,8
,,Febrero,2,5
,,Marzo,5,9
,,Abril,2,4
,,Mayo,1,3
,,Junio,3,6
,,Julio,1,4
,,Agosto,1,4
,,Septiembre,0,3
,,Octubre,2,4
,,Noviembre,3,8
,,Diciembre,3,12
,,No Especificado,0,0
,2003,Enero,4,7
,,Febrero,3,7
,,Marzo,2,8
,,Abril,1,5
,,Mayo,2,8
,,Junio,3,7
,,Julio,4,9
,,Agosto,4,9
,,Septiembre,2,6
,,Octubre,1,4
,,Noviembre,4,6
,,Diciembre,5,9
,,No Especificado,0,0
,2004,Enero,2,8
,,Febrero,3,5
,,Marzo,2,6
,,Abril,3,6
,,Mayo,3,5
,,Junio,0,4
,,Julio,3,4
,,Agosto,3,6
,,Septiembre,1,7
,,Octubre,1,7
,,Noviembre,5,7
,,Diciembre,4,7
,,No Especificado,0,0
,2005,Enero,1,4
,,Febrero,2,2
,,Marzo,5,7
,,Abril,5,9
,,Mayo,2,8
,,Junio,0,3
,,Julio,0,6
,,Agosto,1,6
,,Septiembre,1,8
,,Octubre,4,9
,,Noviembre,3,7
,,Diciembre,5,10
,,No Especificado,0,1
,2006,Enero,3,7
,,Febrero,1,2
,,Marzo,1,7
,,Abril,1,1
,,Mayo,1,5
,,Junio,5,8
,,Julio,3,8
,,Agosto,0,4
,,Septiembre,2,5
,,Octubre,1,6
,,Noviembre,1,4
,,Diciembre,2,5
,,No Especificado,0,0
,2007,Enero,2,4
,,Febrero,0,3
,,Marzo,0,2
,,Abril,6,8
,,Mayo,2,3
,,Junio,0,2
,,Julio,3,7
,,Agosto,2,5
,,Septiembre,0,3
,,Octubre,4,9
,,Noviembre,2,3
,,Diciembre,2,8
,,No Especificado,0,0
,2008,Enero,0,4
,,Febrero,3,6
,,Marzo,3,5
,,Abril,2,4
,,Mayo,5,9
,,Junio,0,3
,,Julio,3,7
,,Agosto,3,10
,,Septiembre,2,4
,,Octubre,1,5
,,Noviembre,0,4
,,Diciembre,4,10
,,No Especificado,0,0
Querétaro de Arteaga Total,,,328,885
Quintana Roo,1998,Enero,1,6
,,Febrero,1,6
,,Marzo,1,5
,,Abril,1,9
,,Mayo,2,13
,,Junio,0,9
,,Julio,1,6
,,Agosto,2,8
,,Septiembre,1,4
,,Octubre,1,5
,,Noviembre,1,3
,,Diciembre,1,3
,,No Especificado,0,0
,1999,Enero,0,4
,,Febrero,1,4
,,Marzo,4,10
,,Abril,0,3
,,Mayo,3,9
,,Junio,0,4
,,Julio,2,10
,,Agosto,2,8
,,Septiembre,1,2
,,Octubre,3,11
,,Noviembre,4,7
,,Diciembre,0,8
,,No Especificado,0,5
,2000,Enero,0,5
,,Febrero,1,9
,,Marzo,1,7
,,Abril,0,4
,,Mayo,2,8
,,Junio,1,6
,,Julio,1,8
,,Agosto,1,4
,,Septiembre,2,7
,,Octubre,1,3
,,Noviembre,1,11
,,Diciembre,2,8
,,No Especificado,0,0
,2001,Enero,0,3
,,Febrero,2,5
,,Marzo,2,7
,,Abril,3,11
,,Mayo,1,8
,,Junio,2,14
,,Julio,1,7
,,Agosto,1,7
,,Septiembre,2,8
,,Octubre,2,11
,,Noviembre,0,5
,,Diciembre,2,13
,,No Especificado,0,0
,2002,Enero,2,11
,,Febrero,0,7
,,Marzo,0,1
,,Abril,2,10
,,Mayo,1,7
,,Junio,1,6
,,Julio,0,2
,,Agosto,1,4
,,Septiembre,1,5
,,Octubre,0,4
,,Noviembre,1,5
,,Diciembre,0,7
,,No Especificado,0,0
,2003,Enero,1,9
,,Febrero,1,4
,,Marzo,5,13
,,Abril,3,5
,,Mayo,0,13
,,Junio,0,14
,,Julio,1,10
,,Agosto,2,19
,,Septiembre,2,10
,,Octubre,0,15
,,Noviembre,0,15
,,Diciembre,0,8
,,No Especificado,0,0
,2004,Enero,0,5
,,Febrero,1,13
,,Marzo,2,14
,,Abril,0,10
,,Mayo,1,16
,,Junio,1,15
,,Julio,2,11
,,Agosto,4,7
,,Septiembre,3,14
,,Octubre,3,5
,,Noviembre,7,21
,,Diciembre,2,9
,,No Especificado,0,0
,2005,Enero,0,6
,,Febrero,1,5
,,Marzo,1,5
,,Abril,1,4
,,Mayo,0,9
,,Junio,0,2
,,Julio,0,5
,,Agosto,0,5
,,Septiembre,4,10
,,Octubre,1,7
,,Noviembre,1,4
,,Diciembre,0,9
,,No Especificado,0,0
,2006,Enero,0,2
,,Febrero,1,8
,,Marzo,0,1
,,Abril,0,1
,,Mayo,0,5
,,Junio,4,8
,,Julio,0,7
,,Agosto,7,9
,,Septiembre,0,4
,,Octubre,0,4
,,Noviembre,5,8
,,Diciembre,7,11
,,No Especificado,0,0
,2007,Enero,1,6
,,Febrero,2,8
,,Marzo,3,13
,,Abril,2,8
,,Mayo,6,10
,,Junio,2,6
,,Julio,7,15
,,Agosto,1,5
,,Septiembre,5,16
,,Octubre,2,13
,,Noviembre,1,4
,,Diciembre,5,16
,,No Especificado,0,0
,2008,Enero,5,11
,,Febrero,0,8
,,Marzo,2,15
,,Abril,3,6
,,Mayo,0,13
,,Junio,2,11
,,Julio,1,6
,,Agosto,7,25
,,Septiembre,2,13
,,Octubre,2,12
,,Noviembre,2,10
,,Diciembre,0,12
,,No Especificado,0,1
Quintana Roo Total,,,210,1087
San Luis Potosí,1998,Enero,13,35
,,Febrero,9,19
,,Marzo,7,14
,,Abril,5,18
,,Mayo,14,38
,,Junio,7,27
,,Julio,3,18
,,Agosto,8,31
,,Septiembre,6,24
,,Octubre,12,28
,,Noviembre,12,23
,,Diciembre,18,42
,,No Especificado,0,0
,1999,Enero,9,24
,,Febrero,6,32
,,Marzo,6,25
,,Abril,10,24
,,Mayo,7,25
,,Junio,9,22
,,Julio,10,22
,,Agosto,7,18
,,Septiembre,14,21
,,Octubre,6,15
,,Noviembre,9,30
,,Diciembre,8,23
,,No Especificado,0,0
,2000,Enero,10,20
,,Febrero,3,13
,,Marzo,9,23
,,Abril,7,31
,,Mayo,5,18
,,Junio,2,14
,,Julio,6,22
,,Agosto,8,24
,,Septiembre,3,30
,,Octubre,8,28
,,Noviembre,3,17
,,Diciembre,7,30
,,No Especificado,0,1
,2001,Enero,7,17
,,Febrero,5,14
,,Marzo,10,23
,,Abril,5,17
,,Mayo,2,19
,,Junio,5,16
,,Julio,8,29
,,Agosto,6,22
,,Septiembre,5,14
,,Octubre,9,23
,,Noviembre,3,8
,,Diciembre,10,29
,,No Especificado,0,2
,2002,Enero,4,17
,,Febrero,7,12
,,Marzo,3,19
,,Abril,7,19
,,Mayo,4,6
,,Junio,3,8
,,Julio,5,11
,,Agosto,10,13
,,Septiembre,5,13
,,Octubre,9,12
,,Noviembre,3,6
,,Diciembre,11,16
,,No Especificado,0,0
,2003,Enero,4,16
,,Febrero,6,12
,,Marzo,7,10
,,Abril,3,11
,,Mayo,10,20
,,Junio,11,16
,,Julio,5,10
,,Agosto,7,16
,,Septiembre,2,7
,,Octubre,2,7
,,Noviembre,5,11
,,Diciembre,3,10
,,No Especificado,1,1
,2004,Enero,8,11
,,Febrero,3,7
,,Marzo,11,15
,,Abril,3,8
,,Mayo,3,6
,,Junio,7,13
,,Julio,10,15
,,Agosto,10,18
,,Septiembre,4,10
,,Octubre,4,14
,,Noviembre,3,6
,,Diciembre,9,12
,,No Especificado,0,0
,2005,Enero,3,12
,,Febrero,3,9
,,Marzo,3,8
,,Abril,9,12
,,Mayo,6,16
,,Junio,10,15
,,Julio,2,4
,,Agosto,6,13
,,Septiembre,7,12
,,Octubre,3,7
,,Noviembre,6,11
,,Diciembre,7,11
,,No Especificado,1,1
,2006,Enero,13,17
,,Febrero,5,10
,,Marzo,10,18
,,Abril,3,5
,,Mayo,2,11
,,Junio,11,20
,,Julio,6,15
,,Agosto,2,9
,,Septiembre,5,13
,,Octubre,12,19
,,Noviembre,4,8
,,Diciembre,7,15
,,No Especificado,0,0
,2007,Enero,8,8
,,Febrero,5,7
,,Marzo,8,11
,,Abril,2,9
,,Mayo,1,6
,,Junio,4,7
,,Julio,4,13
,,Agosto,6,19
,,Septiembre,7,17
,,Octubre,7,11
,,Noviembre,13,25
,,Diciembre,6,12
,,No Especificado,0,0
,2008,Enero,5,9
,,Febrero,12,18
,,Marzo,8,12
,,Abril,11,19
,,Mayo,6,10
,,Junio,10,17
,,Julio,9,16
,,Agosto,9,17
,,Septiembre,5,15
,,Octubre,10,15
,,Noviembre,16,23
,,Diciembre,12,22
,,No Especificado,0,0
San Luis Potosí Total,,,903,2165
Sinaloa,1998,Enero,50,55
,,Febrero,32,47
,,Marzo,41,51
,,Abril,34,40
,,Mayo,36,39
,,Junio,26,36
,,Julio,42,52
,,Agosto,30,35
,,Septiembre,42,50
,,Octubre,37,42
,,Noviembre,45,60
,,Diciembre,45,49
,,No Especificado,4,4
,1999,Enero,40,47
,,Febrero,30,44
,,Marzo,39,48
,,Abril,35,42
,,Mayo,32,47
,,Junio,35,44
,,Julio,35,44
,,Agosto,26,32
,,Septiembre,32,37
,,Octubre,34,40
,,Noviembre,34,41
,,Diciembre,38,48
,,No Especificado,2,2
,2000,Enero,33,44
,,Febrero,34,50
,,Marzo,37,46
,,Abril,19,23
,,Mayo,34,40
,,Junio,20,29
,,Julio,31,46
,,Agosto,25,33
,,Septiembre,23,26
,,Octubre,23,33
,,Noviembre,29,37
,,Diciembre,44,48
,,No Especificado,0,1
,2001,Enero,27,30
,,Febrero,44,53
,,Marzo,47,51
,,Abril,33,41
,,Mayo,41,47
,,Junio,35,43
,,Julio,30,40
,,Agosto,28,33
,,Septiembre,26,37
,,Octubre,32,40
,,Noviembre,28,31
,,Diciembre,23,28
,,No Especificado,0,1
,2002,Enero,40,53
,,Febrero,39,47
,,Marzo,34,38
,,Abril,44,46
,,Mayo,36,51
,,Junio,25,31
,,Julio,21,31
,,Agosto,28,36
,,Septiembre,21,31
,,Octubre,22,25
,,Noviembre,33,37
,,Diciembre,21,27
,,No Especificado,2,4
,2003,Enero,31,37
,,Febrero,22,30
,,Marzo,36,41
,,Abril,19,28
,,Mayo,41,49
,,Junio,34,36
,,Julio,32,40
,,Agosto,26,34
,,Septiembre,28,32
,,Octubre,22,30
,,Noviembre,22,26
,,Diciembre,31,37
,,No Especificado,2,3
,2004,Enero,46,52
,,Febrero,16,22
,,Marzo,33,37
,,Abril,16,26
,,Mayo,27,31
,,Junio,35,40
,,Julio,18,24
,,Agosto,32,38
,,Septiembre,27,30
,,Octubre,15,19
,,Noviembre,23,24
,,Diciembre,30,37
,,No Especificado,2,5
,2005,Enero,28,33
,,Febrero,36,42
,,Marzo,28,31
,,Abril,54,60
,,Mayo,46,54
,,Junio,22,27
,,Julio,27,34
,,Agosto,33,41
,,Septiembre,22,30
,,Octubre,17,22
,,Noviembre,32,39
,,Diciembre,31,37
,,No Especificado,0,0
,2006,Enero,30,37
,,Febrero,30,33
,,Marzo,34,39
,,Abril,19,26
,,Mayo,35,38
,,Junio,33,41
,,Julio,28,36
,,Agosto,29,37
,,Septiembre,34,40
,,Octubre,38,47
,,Noviembre,30,35
,,Diciembre,36,41
,,No Especificado,0,0
,2007,Enero,30,38
,,Febrero,23,27
,,Marzo,36,45
,,Abril,32,37
,,Mayo,32,44
,,Junio,33,37
,,Julio,19,23
,,Agosto,27,36
,,Septiembre,17,21
,,Octubre,20,29
,,Noviembre,21,25
,,Diciembre,12,15
,,No Especificado,0,0
,2008,Enero,16,21
,,Febrero,15,21
,,Marzo,43,52
,,Abril,43,52
,,Mayo,88,98
,,Junio,94,103
,,Julio,103,119
,,Agosto,62,77
,,Septiembre,59,70
,,Octubre,64,68
,,Noviembre,43,56
,,Diciembre,36,45
,,No Especificado,0,0
Sinaloa Total,,,4374,5331
Sonora,1998,Enero,17,23
,,Febrero,16,22
,,Marzo,17,25
,,Abril,17,29
,,Mayo,12,27
,,Junio,20,31
,,Julio,9,25
,,Agosto,12,24
,,Septiembre,11,27
,,Octubre,20,30
,,Noviembre,9,11
,,Diciembre,20,28
,,No Especificado,0,0
,1999,Enero,14,24
,,Febrero,15,22
,,Marzo,11,24
,,Abril,19,28
,,Mayo,19,36
,,Junio,7,13
,,Julio,17,25
,,Agosto,15,27
,,Septiembre,17,31
,,Octubre,10,17
,,Noviembre,12,21
,,Diciembre,8,21
,,No Especificado,0,0
,2000,Enero,3,17
,,Febrero,6,11
,,Marzo,7,13
,,Abril,9,19
,,Mayo,10,17
,,Junio,10,21
,,Julio,14,22
,,Agosto,7,16
,,Septiembre,4,12
,,Octubre,9,17
,,Noviembre,6,11
,,Diciembre,15,21
,,No Especificado,0,0
,2001,Enero,8,13
,,Febrero,14,22
,,Marzo,12,23
,,Abril,13,23
,,Mayo,11,17
,,Junio,15,25
,,Julio,11,27
,,Agosto,13,21
,,Septiembre,16,24
,,Octubre,9,19
,,Noviembre,9,17
,,Diciembre,13,29
,,No Especificado,0,0
,2002,Enero,9,17
,,Febrero,7,15
,,Marzo,14,19
,,Abril,8,15
,,Mayo,11,15
,,Junio,11,26
,,Julio,12,19
,,Agosto,13,20
,,Septiembre,3,19
,,Octubre,12,18
,,Noviembre,14,23
,,Diciembre,5,12
,,No Especificado,0,0
,2003,Enero,5,9
,,Febrero,15,19
,,Marzo,11,22
,,Abril,7,17
,,Mayo,9,19
,,Junio,11,24
,,Julio,13,25
,,Agosto,15,23
,,Septiembre,10,23
,,Octubre,3,13
,,Noviembre,6,11
,,Diciembre,5,21
,,No Especificado,0,0
,2004,Enero,9,13
,,Febrero,17,29
,,Marzo,10,18
,,Abril,13,20
,,Mayo,16,28
,,Junio,16,27
,,Julio,12,14
,,Agosto,8,13
,,Septiembre,16,25
,,Octubre,12,19
,,Noviembre,8,15
,,Diciembre,24,37
,,No Especificado,0,0
,2005,Enero,7,16
,,Febrero,7,12
,,Marzo,19,25
,,Abril,10,24
,,Mayo,17,28
,,Junio,18,26
,,Julio,10,17
,,Agosto,9,15
,,Septiembre,20,27
,,Octubre,12,22
,,Noviembre,19,28
,,Diciembre,14,19
,,No Especificado,0,0
,2006,Enero,19,25
,,Febrero,11,15
,,Marzo,8,18
,,Abril,8,18
,,Mayo,19,27
,,Junio,15,27
,,Julio,12,18
,,Agosto,14,23
,,Septiembre,15,21
,,Octubre,6,17
,,Noviembre,8,14
,,Diciembre,12,19
,,No Especificado,1,1
,2007,Enero,8,19
,,Febrero,21,32
,,Marzo,26,34
,,Abril,26,38
,,Mayo,48,54
,,Junio,13,22
,,Julio,18,26
,,Agosto,12,24
,,Septiembre,7,16
,,Octubre,14,21
,,Noviembre,16,23
,,Diciembre,9,14
,,No Especificado,1,1
,2008,Enero,13,26
,,Febrero,10,19
,,Marzo,17,29
,,Abril,11,19
,,Mayo,18,31
,,Junio,19,35
,,Julio,30,40
,,Agosto,28,42
,,Septiembre,30,39
,,Octubre,45,64
,,Noviembre,28,40
,,Diciembre,29,40
,,No Especificado,4,4
Sonora Total,,,1789,3004
Tabasco,1998,Enero,4,11
,,Febrero,3,10
,,Marzo,2,13
,,Abril,1,7
,,Mayo,6,13
,,Junio,7,15
,,Julio,2,12
,,Agosto,3,7
,,Septiembre,4,11
,,Octubre,4,17
,,Noviembre,2,12
,,Diciembre,6,17
,,No Especificado,0,0
,1999,Enero,2,7
,,Febrero,4,11
,,Marzo,3,14
,,Abril,2,13
,,Mayo,4,16
,,Junio,4,12
,,Julio,3,10
,,Agosto,4,20
,,Septiembre,1,7
,,Octubre,1,12
,,Noviembre,3,11
,,Diciembre,5,15
,,No Especificado,0,0
,2000,Enero,1,9
,,Febrero,4,10
,,Marzo,0,7
,,Abril,2,6
,,Mayo,1,11
,,Junio,2,7
,,Julio,1,6
,,Agosto,0,2
,,Septiembre,2,10
,,Octubre,2,6
,,Noviembre,1,7
,,Diciembre,1,8
,,No Especificado,0,0
,2001,Enero,1,3
,,Febrero,4,8
,,Marzo,2,7
,,Abril,5,12
,,Mayo,2,7
,,Junio,0,5
,,Julio,2,7
,,Agosto,5,12
,,Septiembre,7,15
,,Octubre,2,9
,,Noviembre,2,10
,,Diciembre,1,6
,,No Especificado,0,0
,2002,Enero,2,5
,,Febrero,2,6
,,Marzo,1,5
,,Abril,4,13
,,Mayo,2,8
,,Junio,2,7
,,Julio,1,3
,,Agosto,0,12
,,Septiembre,3,17
,,Octubre,3,5
,,Noviembre,4,11
,,Diciembre,1,5
,,No Especificado,0,0
,2003,Enero,1,9
,,Febrero,2,8
,,Marzo,5,9
,,Abril,3,12
,,Mayo,4,12
,,Junio,3,9
,,Julio,1,11
,,Agosto,1,7
,,Septiembre,3,12
,,Octubre,3,9
,,Noviembre,0,9
,,Diciembre,6,10
,,No Especificado,0,0
,2004,Enero,1,10
,,Febrero,2,9
,,Marzo,4,7
,,Abril,1,9
,,Mayo,3,12
,,Junio,2,7
,,Julio,2,9
,,Agosto,6,11
,,Septiembre,2,12
,,Octubre,4,7
,,Noviembre,1,7
,,Diciembre,4,10
,,No Especificado,0,0
,2005,Enero,4,8
,,Febrero,4,7
,,Marzo,1,6
,,Abril,0,5
,,Mayo,4,11
,,Junio,4,8
,,Julio,0,5
,,Agosto,1,9
,,Septiembre,2,8
,,Octubre,1,11
,,Noviembre,5,12
,,Diciembre,5,10
,,No Especificado,0,1
,2006,Enero,2,6
,,Febrero,5,10
,,Marzo,1,9
,,Abril,3,12
,,Mayo,4,12
,,Junio,7,17
,,Julio,6,11
,,Agosto,2,7
,,Septiembre,5,20
,,Octubre,2,14
,,Noviembre,6,16
,,Diciembre,3,11
,,No Especificado,0,0
,2007,Enero,0,9
,,Febrero,4,11
,,Marzo,6,14
,,Abril,8,10
,,Mayo,11,20
,,Junio,5,17
,,Julio,6,15
,,Agosto,0,6
,,Septiembre,4,10
,,Octubre,8,12
,,Noviembre,1,6
,,Diciembre,4,15
,,No Especificado,0,0
,2008,Enero,3,13
,,Febrero,3,11
,,Marzo,0,9
,,Abril,3,9
,,Mayo,5,12
,,Junio,4,15
,,Julio,3,12
,,Agosto,7,20
,,Septiembre,4,13
,,Octubre,4,14
,,Noviembre,3,7
,,Diciembre,9,15
,,No Especificado,0,0
Tabasco Total,,,401,1348
Tamaulipas,1998,Enero,15,32
,,Febrero,20,29
,,Marzo,11,20
,,Abril,10,24
,,Mayo,17,26
,,Junio,14,30
,,Julio,14,26
,,Agosto,8,18
,,Septiembre,15,34
,,Octubre,15,21
,,Noviembre,11,22
,,Diciembre,20,37
,,No Especificado,0,1
,1999,Enero,11,20
,,Febrero,7,17
,,Marzo,19,29
,,Abril,14,21
,,Mayo,14,24
,,Junio,17,31
,,Julio,15,25
,,Agosto,16,29
,,Septiembre,7,18
,,Octubre,20,34
,,Noviembre,8,11
,,Diciembre,13,25
,,No Especificado,0,1
,2000,Enero,3,13
,,Febrero,16,25
,,Marzo,19,26
,,Abril,18,25
,,Mayo,11,18
,,Junio,11,24
,,Julio,10,18
,,Agosto,6,17
,,Septiembre,12,31
,,Octubre,12,18
,,Noviembre,15,29
,,Diciembre,8,16
,,No Especificado,2,4
,2001,Enero,6,11
,,Febrero,4,11
,,Marzo,15,21
,,Abril,6,13
,,Mayo,6,15
,,Junio,6,11
,,Julio,15,22
,,Agosto,7,13
,,Septiembre,5,6
,,Octubre,8,14
,,Noviembre,15,23
,,Diciembre,17,28
,,No Especificado,0,0
,2002,Enero,5,13
,,Febrero,4,10
,,Marzo,13,17
,,Abril,7,12
,,Mayo,7,14
,,Junio,7,17
,,Julio,10,22
,,Agosto,8,19
,,Septiembre,7,13
,,Octubre,6,11
,,Noviembre,11,14
,,Diciembre,10,18
,,No Especificado,0,0
,2003,Enero,5,8
,,Febrero,10,12
,,Marzo,17,20
,,Abril,14,21
,,Mayo,7,16
,,Junio,7,15
,,Julio,11,23
,,Agosto,17,29
,,Septiembre,22,26
,,Octubre,13,23
,,Noviembre,8,13
,,Diciembre,13,19
,,No Especificado,1,2
,2004,Enero,12,16
,,Febrero,11,21
,,Marzo,9,15
,,Abril,13,24
,,Mayo,12,27
,,Junio,10,18
,,Julio,8,12
,,Agosto,12,29
,,Septiembre,4,12
,,Octubre,15,22
,,Noviembre,7,15
,,Diciembre,7,13
,,No Especificado,0,1
,2005,Enero,25,38
,,Febrero,9,20
,,Marzo,13,26
,,Abril,16,26
,,Mayo,14,27
,,Junio,23,39
,,Julio,33,48
,,Agosto,18,27
,,Septiembre,17,25
,,Octubre,20,26
,,Noviembre,11,21
,,Diciembre,19,28
,,No Especificado,0,0
,2006,Enero,25,34
,,Febrero,15,20
,,Marzo,31,41
,,Abril,31,41
,,Mayo,32,43
,,Junio,14,28
,,Julio,15,32
,,Agosto,8,18
,,Septiembre,18,29
,,Octubre,7,13
,,Noviembre,15,27
,,Diciembre,7,20
,,No Especificado,0,0
,2007,Enero,3,6
,,Febrero,1,2
,,Marzo,6,11
,,Abril,4,15
,,Mayo,1,7
,,Junio,8,20
,,Julio,6,21
,,Agosto,9,22
,,Septiembre,6,18
,,Octubre,10,25
,,Noviembre,12,18
,,Diciembre,15,29
,,No Especificado,0,0
,2008,Enero,9,25
,,Febrero,13,18
,,Marzo,12,29
,,Abril,8,18
,,Mayo,13,26
,,Junio,6,18
,,Julio,11,19
,,Agosto,10,20
,,Septiembre,5,16
,,Octubre,11,42
,,Noviembre,5,16
,,Diciembre,4,8
,,No Especificado,2,2
Tamaulipas Total,,,1570,2837
Tlaxcala,1998,Enero,0,3
,,Febrero,0,6
,,Marzo,2,4
,,Abril,0,3
,,Mayo,2,2
,,Junio,1,6
,,Julio,1,5
,,Agosto,2,4
,,Septiembre,5,7
,,Octubre,4,10
,,Noviembre,5,8
,,Diciembre,3,4
,,No Especificado,0,2
,1999,Enero,3,8
,,Febrero,1,10
,,Marzo,0,5
,,Abril,3,7
,,Mayo,3,10
,,Junio,1,8
,,Julio,3,4
,,Agosto,1,5
,,Septiembre,0,5
,,Octubre,1,3
,,Noviembre,1,7
,,Diciembre,3,3
,,No Especificado,0,0
,2000,Enero,0,0
,,Febrero,1,5
,,Marzo,0,5
,,Abril,3,7
,,Mayo,1,4
,,Junio,2,4
,,Julio,0,3
,,Agosto,3,15
,,Septiembre,2,4
,,Octubre,0,1
,,Noviembre,2,5
,,Diciembre,1,3
,,No Especificado,0,0
,2001,Enero,2,10
,,Febrero,1,4
,,Marzo,0,2
,,Abril,4,6
,,Mayo,3,5
,,Junio,2,5
,,Julio,1,3
,,Agosto,0,3
,,Septiembre,0,3
,,Octubre,1,3
,,Noviembre,0,1
,,Diciembre,1,7
,,No Especificado,0,0
,2002,Enero,4,8
,,Febrero,1,4
,,Marzo,2,3
,,Abril,1,2
,,Mayo,1,7
,,Junio,0,3
,,Julio,0,2
,,Agosto,1,4
,,Septiembre,0,4
,,Octubre,0,6
,,Noviembre,2,8
,,Diciembre,2,4
,,No Especificado,0,0
,2003,Enero,0,0
,,Febrero,1,1
,,Marzo,2,4
,,Abril,1,2
,,Mayo,0,1
,,Junio,1,5
,,Julio,4,6
,,Agosto,0,2
,,Septiembre,0,2
,,Octubre,0,4
,,Noviembre,1,4
,,Diciembre,2,8
,,No Especificado,0,0
,2004,Enero,2,6
,,Febrero,1,7
,,Marzo,4,7
,,Abril,1,3
,,Mayo,0,1
,,Junio,1,1
,,Julio,0,1
,,Agosto,2,4
,,Septiembre,2,3
,,Octubre,1,7
,,Noviembre,2,2
,,Diciembre,1,8
,,No Especificado,0,0
,2005,Enero,1,2
,,Febrero,0,3
,,Marzo,0,5
,,Abril,2,5
,,Mayo,2,5
,,Junio,0,3
,,Julio,2,5
,,Agosto,0,2
,,Septiembre,1,7
,,Octubre,1,4
,,Noviembre,4,5
,,Diciembre,3,4
,,No Especificado,0,0
,2006,Enero,1,4
,,Febrero,2,10
,,Marzo,1,3
,,Abril,4,4
,,Mayo,0,3
,,Junio,2,2
,,Julio,3,5
,,Agosto,0,2
,,Septiembre,0,0
,,Octubre,2,5
,,Noviembre,0,4
,,Diciembre,1,1
,,No Especificado,0,0
,2007,Enero,0,0
,,Febrero,0,2
,,Marzo,4,8
,,Abril,1,4
,,Mayo,2,3
,,Junio,2,3
,,Julio,1,1
,,Agosto,1,6
,,Septiembre,0,5
,,Octubre,0,1
,,Noviembre,0,1
,,Diciembre,2,2
,,No Especificado,0,0
,2008,Enero,0,3
,,Febrero,4,8
,,Marzo,2,2
,,Abril,2,4
,,Mayo,4,4
,,Junio,1,7
,,Julio,1,5
,,Agosto,0,3
,,Septiembre,2,7
,,Octubre,1,4
,,Noviembre,2,3
,,Diciembre,1,4
,,No Especificado,0,0
Tlaxcala Total,,,183,574
Veracruz Llave,1998,Enero,18,50
,,Febrero,19,39
,,Marzo,18,38
,,Abril,17,52
,,Mayo,25,57
,,Junio,11,34
,,Julio,18,36
,,Agosto,14,41
,,Septiembre,8,24
,,Octubre,15,35
,,Noviembre,13,39
,,Diciembre,10,45
,,No Especificado,1,4
,1999,Enero,12,39
,,Febrero,19,45
,,Marzo,18,48
,,Abril,14,38
,,Mayo,14,39
,,Junio,14,34
,,Julio,13,37
,,Agosto,11,39
,,Septiembre,16,35
,,Octubre,9,28
,,Noviembre,9,29
,,Diciembre,5,22
,,No Especificado,0,0
,2000,Enero,16,43
,,Febrero,12,32
,,Marzo,9,29
,,Abril,16,47
,,Mayo,16,35
,,Junio,13,32
,,Julio,7,43
,,Agosto,4,24
,,Septiembre,25,43
,,Octubre,9,26
,,Noviembre,12,39
,,Diciembre,7,26
,,No Especificado,1,2
,2001,Enero,11,27
,,Febrero,5,24
,,Marzo,10,27
,,Abril,16,43
,,Mayo,10,34
,,Junio,16,30
,,Julio,12,39
,,Agosto,8,29
,,Septiembre,16,33
,,Octubre,10,32
,,Noviembre,11,28
,,Diciembre,21,37
,,No Especificado,1,4
,2002,Enero,10,32
,,Febrero,8,26
,,Marzo,13,30
,,Abril,15,27
,,Mayo,13,29
,,Junio,5,20
,,Julio,12,30
,,Agosto,9,29
,,Septiembre,9,34
,,Octubre,6,37
,,Noviembre,10,30
,,Diciembre,8,26
,,No Especificado,0,0
,2003,Enero,12,26
,,Febrero,10,27
,,Marzo,14,35
,,Abril,15,29
,,Mayo,13,40
,,Junio,18,41
,,Julio,11,34
,,Agosto,13,35
,,Septiembre,16,31
,,Octubre,16,31
,,Noviembre,13,35
,,Diciembre,12,29
,,No Especificado,0,1
,2004,Enero,11,26
,,Febrero,13,33
,,Marzo,12,35
,,Abril,11,22
,,Mayo,17,31
,,Junio,6,20
,,Julio,9,22
,,Agosto,11,35
,,Septiembre,12,28
,,Octubre,7,22
,,Noviembre,12,33
,,Diciembre,13,30
,,No Especificado,0,0
,2005,Enero,12,18
,,Febrero,15,31
,,Marzo,19,39
,,Abril,14,28
,,Mayo,11,24
,,Junio,12,39
,,Julio,12,20
,,Agosto,15,30
,,Septiembre,9,34
,,Octubre,10,28
,,Noviembre,10,23
,,Diciembre,15,28
,,No Especificado,1,1
,2006,Enero,15,31
,,Febrero,23,39
,,Marzo,11,31
,,Abril,12,26
,,Mayo,15,38
,,Junio,7,23
,,Julio,5,19
,,Agosto,16,29
,,Septiembre,10,24
,,Octubre,11,34
,,Noviembre,16,32
,,Diciembre,10,26
,,No Especificado,0,2
,2007,Enero,11,24
,,Febrero,9,22
,,Marzo,14,32
,,Abril,14,30
,,Mayo,19,47
,,Junio,17,38
,,Julio,10,31
,,Agosto,18,41
,,Septiembre,13,23
,,Octubre,7,24
,,Noviembre,15,34
,,Diciembre,10,35
,,No Especificado,1,3
,2008,Enero,8,28
,,Febrero,14,33
,,Marzo,20,34
,,Abril,9,30
,,Mayo,5,13
,,Junio,15,36
,,Julio,11,25
,,Agosto,10,27
,,Septiembre,8,24
,,Octubre,6,15
,,Noviembre,13,38
,,Diciembre,12,23
,,No Especificado,0,1
Veracruz Llave Total,,,1645,4224
Yucatán,1998,Enero,4,4
,,Febrero,1,5
,,Marzo,0,4
,,Abril,2,5
,,Mayo,0,4
,,Junio,0,2
,,Julio,0,3
,,Agosto,0,2
,,Septiembre,0,2
,,Octubre,1,7
,,Noviembre,1,3
,,Diciembre,1,4
,,No Especificado,0,0
,1999,Enero,0,3
,,Febrero,0,1
,,Marzo,0,2
,,Abril,0,2
,,Mayo,2,2
,,Junio,0,2
,,Julio,1,3
,,Agosto,1,6
,,Septiembre,0,3
,,Octubre,1,3
,,Noviembre,0,2
,,Diciembre,1,4
,,No Especificado,0,1
,2000,Enero,0,1
,,Febrero,0,0
,,Marzo,0,4
,,Abril,0,4
,,Mayo,2,8
,,Junio,3,4
,,Julio,1,6
,,Agosto,0,4
,,Septiembre,1,5
,,Octubre,0,0
,,Noviembre,0,6
,,Diciembre,1,1
,,No Especificado,0,0
,2001,Enero,0,3
,,Febrero,0,2
,,Marzo,0,1
,,Abril,1,4
,,Mayo,1,1
,,Junio,1,6
,,Julio,0,3
,,Agosto,1,2
,,Septiembre,0,5
,,Octubre,2,3
,,Noviembre,0,1
,,Diciembre,2,5
,,No Especificado,0,0
,2002,Enero,3,6
,,Febrero,0,5
,,Marzo,0,3
,,Abril,0,6
,,Mayo,0,1
,,Junio,1,4
,,Julio,0,6
,,Agosto,1,4
,,Septiembre,2,3
,,Octubre,0,3
,,Noviembre,1,2
,,Diciembre,0,4
,,No Especificado,0,0
,2003,Enero,1,3
,,Febrero,2,6
,,Marzo,1,2
,,Abril,2,6
,,Mayo,0,3
,,Junio,0,1
,,Julio,1,2
,,Agosto,0,4
,,Septiembre,1,5
,,Octubre,1,5
,,Noviembre,1,1
,,Diciembre,3,4
,,No Especificado,0,0
,2004,Enero,0,2
,,Febrero,0,3
,,Marzo,0,1
,,Abril,0,1
,,Mayo,0,3
,,Junio,0,7
,,Julio,1,4
,,Agosto,0,0
,,Septiembre,1,5
,,Octubre,0,2
,,Noviembre,1,3
,,Diciembre,0,5
,,No Especificado,0,0
,2005,Enero,1,2
,,Febrero,1,7
,,Marzo,1,3
,,Abril,1,3
,,Mayo,0,2
,,Junio,2,6
,,Julio,0,3
,,Agosto,0,3
,,Septiembre,0,4
,,Octubre,0,2
,,Noviembre,0,1
,,Diciembre,1,3
,,No Especificado,0,0
,2006,Enero,1,1
,,Febrero,2,4
,,Marzo,0,1
,,Abril,0,2
,,Mayo,3,4
,,Junio,1,3
,,Julio,0,4
,,Agosto,1,3
,,Septiembre,0,2
,,Octubre,2,6
,,Noviembre,0,5
,,Diciembre,2,4
,,No Especificado,0,0
,2007,Enero,2,8
,,Febrero,0,3
,,Marzo,1,2
,,Abril,1,2
,,Mayo,2,5
,,Junio,2,6
,,Julio,2,8
,,Agosto,0,4
,,Septiembre,3,3
,,Octubre,1,5
,,Noviembre,0,2
,,Diciembre,1,1
,,No Especificado,0,0
,2008,Enero,1,2
,,Febrero,3,5
,,Marzo,0,1
,,Abril,1,1
,,Mayo,2,5
,,Junio,0,2
,,Julio,0,5
,,Agosto,1,16
,,Septiembre,0,0
,,Octubre,1,4
,,Noviembre,0,1
,,Diciembre,1,7
,,No Especificado,0,0
Yucatán Total,,,100,459
Zacatecas,1998,Enero,6,8
,,Febrero,12,16
,,Marzo,10,14
,,Abril,5,10
,,Mayo,4,5
,,Junio,6,6
,,Julio,2,5
,,Agosto,9,13
,,Septiembre,3,8
,,Octubre,4,11
,,Noviembre,5,6
,,Diciembre,11,14
,,No Especificado,1,1
,1999,Enero,4,5
,,Febrero,7,8
,,Marzo,4,4
,,Abril,2,3
,,Mayo,3,6
,,Junio,6,10
,,Julio,2,5
,,Agosto,5,6
,,Septiembre,6,7
,,Octubre,6,8
,,Noviembre,7,12
,,Diciembre,7,8
,,No Especificado,0,1
,2000,Enero,4,5
,,Febrero,1,4
,,Marzo,1,2
,,Abril,6,9
,,Mayo,5,10
,,Junio,5,7
,,Julio,7,11
,,Agosto,5,6
,,Septiembre,2,4
,,Octubre,2,5
,,Noviembre,4,5
,,Diciembre,7,7
,,No Especificado,1,1
,2001,Enero,7,11
,,Febrero,4,6
,,Marzo,1,5
,,Abril,9,17
,,Mayo,4,10
,,Junio,9,10
,,Julio,3,6
,,Agosto,4,5
,,Septiembre,4,5
,,Octubre,5,5
,,Noviembre,5,9
,,Diciembre,2,2
,,No Especificado,0,0
,2002,Enero,5,7
,,Febrero,4,5
,,Marzo,2,8
,,Abril,8,14
,,Mayo,2,9
,,Junio,3,4
,,Julio,3,6
,,Agosto,2,4
,,Septiembre,5,8
,,Octubre,8,12
,,Noviembre,9,11
,,Diciembre,6,7
,,No Especificado,0,0
,2003,Enero,5,7
,,Febrero,4,7
,,Marzo,8,14
,,Abril,4,9
,,Mayo,2,5
,,Junio,3,6
,,Julio,3,3
,,Agosto,2,6
,,Septiembre,6,8
,,Octubre,4,6
,,Noviembre,5,9
,,Diciembre,8,10
,,No Especificado,1,1
,2004,Enero,5,5
,,Febrero,1,2
,,Marzo,6,9
,,Abril,7,10
,,Mayo,4,5
,,Junio,4,5
,,Julio,2,12
,,Agosto,5,9
,,Septiembre,0,1
,,Octubre,4,7
,,Noviembre,4,8
,,Diciembre,10,14
,,No Especificado,2,2
,2005,Enero,2,5
,,Febrero,2,5
,,Marzo,5,8
,,Abril,3,6
,,Mayo,9,10
,,Junio,4,7
,,Julio,4,7
,,Agosto,3,4
,,Septiembre,5,9
,,Octubre,3,4
,,Noviembre,3,4
,,Diciembre,6,8
,,No Especificado,1,1
,2006,Enero,7,11
,,Febrero,2,4
,,Marzo,5,5
,,Abril,4,7
,,Mayo,3,5
,,Junio,3,3
,,Julio,3,6
,,Agosto,7,9
,,Septiembre,2,3
,,Octubre,3,6
,,Noviembre,1,7
,,Diciembre,6,8
,,No Especificado,1,4
,2007,Enero,4,5
,,Febrero,1,1
,,Marzo,2,5
,,Abril,2,5
,,Mayo,3,4
,,Junio,6,10
,,Julio,3,5
,,Agosto,6,9
,,Septiembre,5,8
,,Octubre,3,5
,,Noviembre,1,2
,,Diciembre,10,12
,,No Especificado,1,3
,2008,Enero,4,7
,,Febrero,2,4
,,Marzo,4,6
,,Abril,7,8
,,Mayo,6,7
,,Junio,6,11
,,Julio,2,3
,,Agosto,4,10
,,Septiembre,5,11
,,Octubre,2,8
,,Noviembre,3,4
,,Diciembre,6,10
,,No Especificado,2,3
Zacatecas Total,,,607,964
